gyoukai,の,、,を,。,に,て,し,は,「,」,で,ます,た,と,が,な,"",い,です,グループ,"",・,　,たち,！,や,創造,世界,採用,まし,こと,ロッテ,する,ある,私,から,食,創業,日清食品,健康,企業,さ,エントリー,お,も,価値,挑戦,き,として,年,グリコ,まで,』,ない,貢献,新た,『,事業,食品,飲料,いく,だけ,なく,この,ため,トマト,”,これ,あり,“,という,野菜,いる,/,日本,おいし,（,ご,分野,者,実現,◆,新卒,■,社会,）,できる,感動,キリン,提供,現在,開始,夢,ラーメン,れ,など,そんな,.,常に,カゴメ,おり,う,新しい,情熱,みなさん,的,たい,活動,ブランド,届け,開発,ページ,お待ち,ビジョン,へ,考え,味の素,人材,3,超え,心,歴史,理念,清涼,体験,ませ,好奇,子ども,その,ん,切り,中,カテゴリー,か,お客様,人事,1,皆さん,よう,そして,一,道,部,人,"""",いただき,情報,？,栽培,いき,株式会社,初,西洋,いたし,サントリー,像,今,ソース,カップ,様々,年度,卒,精神,づくり,製造,テーマ,積極,応募,】,世紀,目指し,【,また,満足,せ,Way,2017,わくわく,弊社,商品,こんにちは,今後,世の中,CREATOR,マイ,こそ,お伝え,仕事,グローバル,飲みもの,森永製菓,生み出し,続け,菓子,なる,より,意志,求め,可能,性,言葉,創る,お菓子,未来,◇,国,あらゆる,製品,込め,生活,取り組ん,活躍,なっ,4,迎え,一人ひとり,環境,おいしく,周年,詳細,栄養,努力,積み重ね,少し,成長,たのしく,拓い,マーク,あらた,すこやか,まずは,※,［,］,変革,こうした,お願い,興味,でも,森永,人々,を通じて,もと,それ,等,まいり,大切,下,EARTH,なり,持ち,だ,さらに,つ,メルシャン,続ける,原動力,キリンビバレッジ,キリンビール,まだ,FOOD,せる,担当,いこ,持っ,サービス,これから,品種,目指す,方,アジア,驚き,http,欧州,において,明治,://,幅広い,直接,ジュース,HP,展開,培っ,至る,月,笑顔,日,海外,時,想像,東京,ならでは,イベント,スポーツ,何,外食,新宿,について,酒類,推進,自然,ファースト,口,食卓,さまざま,ヌードル,チャレンジ,以来,調達,世界中,恋人,はばたけ,ケチャップ,2016,チキン,いま,求める,大きな,柱,にとって,1899,〜,文化,インスタント,会社,販売,必要,力,自分,技術,高齢,珍しい,当時,始め,あたり,一太郎,なかなか,思う,売れ,なかっ,加工,蟹江,以上,110,伝え,はじめ,人参,ピーマン,リンゴ,パスタ,果実,大原,堀江,調味,料,ください,どしどし,募集,楽し,火,),スタート,キラリ,光る,存在,感,なら,分,胃袋,相手,あまり,00,出来,かも,しれ,実は,9,結び,つき,非常,深い,アメリカ,レストラン,チェーン,供給,中国,台湾,時間,！(※,現地,スタッフ,共同,始まり,いよいよ,原料,楽しみ,出会い,仲間,オセアニア,南米,国々,拓く,え,指導,実績,成し,フード,個人,産業,トータル,手掛け,ノウハウ,によって,強み,チームワーク,アサヒビール,／,活かし,サイト,個性,それぞれ,育ま,もう,ご覧,かた,やり,通常,掲載,強い,People,きれ,具体,Value,内容,社風,Contribution,随時,更新,ので,見逃し,Social,お越し,ありがとう,ござい,Spirit,Pioneer,さて,開拓,今年,江崎グリコ,実施,value,New,いただけ,たら,ぜひ,プレエントリー,Create,致し,観,共通,プレ,ゴールイン,にわたって,江崎,利一,ずつ,親しま,赤い,箱,知恵,粘り強い,創製,とき,による,国民,体位,向上,社是,進め,創立,70,基づい,もの,1992,平成,華やか,受け継ぎ,現代,生きる,共感,共鳴,困難,表現,スピリット,道のり,楽しむ,課題,人類,全,世代,21,いきいき,自ら,楽しん,作り,歓び,生命,輝き,思い描く,囲む,家族,といった,確保,デザート,食べる,資源,ほほえみ,召し上がっ,いただく,生まれる,隅々,広げ,持続,地球,受付,挑ん,本欄,番,見,確認,下さい,類,あい,重なり,三,医,ナンバーワン,す,べく,バイオ・ファイン,フィールド,共に,闘志,燃やす,核,!!,チーム,○,こちら,→,アミノ酸,],nissin,[,com,nissinfoods,recruit,にわたる,拓け,本社,落ち着い,タイル,調,外観,持つ,建物,街,あっ,ひときわ,目,惹く,うれしい,かけあわせる,発想,ながら,カップめん,かけ,磨き,宇宙,スペース,ラム,モノ,提案,2008,50,ホールディングス,生まれ変わり,追求,丁寧,感度,高い,集団,共存,ワイン,領域,創出,数々,社員,現状,ビール,あたらしく,ず,新しく,面白い,沸か,日常,みんな,進化,DNA,受け継が,No,めざせ,超える,決して,麺,限定,イメージ,広い,強力,みずみずしい,約束,綜合,次代,枠,旺盛,設立,つねに,どう,だろ,とか,面白,そう,トライ,2013,なぜなら,束ねる,いろんな,取り組む,上,一つ,若手,あなた,当社,満たし,チャンス,豊富,若い,うち,権限,与え,られ,志す,でしょ,主体,ばかり,はじまっ,舞台,32,わたし,太一郎,所,すべて,価,おいしい,抱き,100,越える,酒,引き継ぐ,とともに,KIRIN,ニーズ,応え,研究,すすめ,冷菓,ウイダー,ひとつ,少子,言わ,化,志向,対応,拡大,あふれ,次,捉え,向け,エンゼルスマイルプロジェクト,み,育,加え,場,教育,整備,支援,担う,カカオ,心身,健全,育成,応援,両輪,取り組み,ざる,絶え,まさに,にて,受け付け,いただい,スペシャル,コンテンツ,あゆみ,今日,就職,市場,お知らせ,多く,学生,お話,花,理解,参画,予定,連絡,URL,www,lotte,co,jp,表す,向かっ,もっ,でし,口癖,掲げ,ここ,思い,とどまる,郎,育て,つくり,売り,よろこば,れる,米州,マーケット,定着,姿,信治,鳥井,はれ,資質,＝,キーワード,みな,やっ,伝える,行動,起こす,でき,将来,渡る,きちんと,描く,成果,出す,繋がり,拡げる,目標,挑み,誰,つか,一緒,ひらい,行き,ましょ
食品・農林・水産,150,146,126,91,80,77,60,60,55,55,53,51,46,44,40,32,27,26,21,20,20,20,19,19,18,17,16,16,15,15,14,14,14,13,13,12,12,11,11,11,11,11,10,9,9,9,9,9,9,9,8,8,8,8,8,8,8,8,8,8,8,7,7,7,7,7,7,7,7,7,7,7,6,6,6,6,6,6,6,6,6,6,6,6,6,6,6,6,5,5,5,5,5,5,5,5,5,5,5,5,5,5,5,5,5,5,5,5,5,5,5,5,5,5,5,5,4,4,4,4,4,4,4,4,4,4,4,4,4,4,4,4,4,4,4,4,4,4,4,4,4,4,4,4,4,4,4,4,4,4,4,4,4,3,3,3,3,3,3,3,3,3,3,3,3,3,3,3,3,3,3,3,3,3,3,3,3,3,3,3,3,3,3,3,3,3,3,3,3,3,3,3,3,3,3,3,3,3,3,3,3,3,3,3,2,2,2,2,2,2,2,2,2,2,2,2,2,2,2,2,2,2,2,2,2,2,2,2,2,2,2,2,2,2,2,2,2,2,2,2,2,2,2,2,2,2,2,2,2,2,2,2,2,2,2,2,2,2,2,2,2,2,2,2,2,2,2,2,2,2,2,2,2,2,2,2,2,2,2,2,2,2,2,2,2,2,2,2,2,2,2,2,2,2,2,2,2,2,2,2,2,2,2,2,2,2,2,2,2,2,2,2,2,2,2,2,2,2,2,2,2,2,2,2,2,2,2,2,2,2,1,1,1,1,1,1,1,1,1,1,1,1,1,1,1,1,1,1,1,1,1,1,1,1,1,1,1,1,1,1,1,1,1,1,1,1,1,1,1,1,1,1,1,1,1,1,1,1,1,1,1,1,1,1,1,1,1,1,1,1,1,1,1,1,1,1,1,1,1,1,1,1,1,1,1,1,1,1,1,1,1,1,1,1,1,1,1,1,1,1,1,1,1,1,1,1,1,1,1,1,1,1,1,1,1,1,1,1,1,1,1,1,1,1,1,1,1,1,1,1,1,1,1,1,1,1,1,1,1,1,1,1,1,1,1,1,1,1,1,1,1,1,1,1,1,1,1,1,1,1,1,1,1,1,1,1,1,1,1,1,1,1,1,1,1,1,1,1,1,1,1,1,1,1,1,1,1,1,1,1,1,1,1,1,1,1,1,1,1,1,1,1,1,1,1,1,1,1,1,1,1,1,1,1,1,1,1,1,1,1,1,1,1,1,1,1,1,1,1,1,1,1,1,1,1,1,1,1,1,1,1,1,1,1,1,1,1,1,1,1,1,1,1,1,1,1,1,1,1,1,1,1,1,1,1,1,1,1,1,1,1,1,1,1,1,1,1,1,1,1,1,1,1,1,1,1,1,1,1,1,1,1,1,1,1,1,1,1,1,1,1,1,1,1,1,1,1,1,1,1,1,1,1,1,1,1,1,1,1,1,1,1,1,1,1,1,1,1,1,1,1,1,1,1,1,1,1,1,1,1,1,1,1,1,1,1,1,1,1,1,1,1,1,1,1,1,1,1,1,1,1,1,1,1,1,1,1,1,1,1,1,1,1,1,1,1,1,1,1,1,1,1,1,1,1,1,1,1,1,1,1,1,1,1,1,1,1,1,1,1,1,1,1,1,1,1,1,1,1,1,1,1,1,1,1,1,1,1,1,1,1,1,1,1,1,1,1,1,1,1,1,1,1,1,1,1,1,1,1,1,1,1,1,1,1,1,1,1,1,1,1,1,1,1,1,1,1,1
 
gyoukai,の,、,を,て,。,に,し,は,ます,と,で,が,た,い,」,「,から,"",こと,な,する,社会,.,"",や,採用,です,事業,エントリー,京セラ,/,まし,その,月,たち,き,いく,へ,技術,グループ,世界,も,年,として,より,成長,私,チャレンジ,3,日,ある,新卒,"""",当社,！,人,いる,力,企業,ため,創業,皆さん,　,選考,課題,ロボット,-,まで,続け,・,ご,機,NEC,お願い,という,さ,方,2017,あり,価値,挑戦,開発,用,展開,いき,解決,おり,など,できる,支える,領域,考え,ソニー,向け,ない,富士通,ませ,ん,人材,システム,産業,未来,時代,（,持ち,づくり,）,100,また,れ,なり,もの,的,先,4,電機,スタート,製品,製造,なる,ICT,夢,社員,実現,人々,1,支え,2015,たい,せ,目指し,グローバル,安川,提供,://,jp,以上,お待ち,能力,エネルギー,全体,そして,中,ください,6,けれど,必要,ながら,次,本,つくり,この,インフラ,大切,といった,使命,以来,持っ,機器,所,発展,今後,う,"""""",それ,こんにちは,当時,電動,】,【,ば,応募,株式会社,co,会社,下記,カメラ,そんな,新た,大きな,生み出し,希望,ので,ビジネス,発行,PW,地球,ID,可能,従業,員,HP,プレ,現在,生活,環境,姿勢,いたし,開始,活動,これ,情報,創,誇り,我々,カンパニー,エネ,2,ソリューション,リーディング,メカトロニクス,規模,情熱,これから,シェア,つづけ,心,強い,一つひとつ,創立,周年,日立,推進,ロゴ,イノベーション,常に,人類,貢献,世界中,インバータ,経営,『,理念,』,だ,各地,モータ,サーボ,変化,28,AC,安川電機,視野,もっ,原動力,カ国,こそ,車,目指す,こうした,自ら,創造,両面,つくら,新しい,積極,発電,革新,取り組む,すべて,ところ,仕事,国,あなた,自分,ほしい,掲げ,道,問題,世の中,精神,満ち,役割,欧米,溢れ,誕生,期待,ホームページ,様々,楽しみ,弊社,もと,Square,とともに,積み重ね,7,8,F,しかし,しれ,かも,マイナビ,サイト,事務,recruit,他,https,◇,◆,エアコン,13,マイページ,三菱電機,れる,よう,html,課,考え方,同じ,センター,性,recruiting,紹介,を通して,共に,com,www,http,以降,直接,拡大,姿,想い,理想,お,即座,さらなる,合わせ,制作,映像,問い合わせ,キヤノン,京都,でし,強化,伏見,マイナビサイト,追求,区,：,分野,懸ける,持続,熱い,思い,お客様,つ,No,ユニット,その他,豊か,オフィス,イメージングシステム,装置,両立,半導体,最近,ネットワークカメラシステム,本格,ほか,現実,CG,融合,により,コア,設計,イメージング,期間,短縮,MR,MREAL,メーカー,取り組ん,業務,始め,K,ディスプレイ,こつこつ,部屋,レンズ,構成,CINEMA,EOS,SYSTEM,小さな,出力,現場,強力,サポート,若者,世界一,手,卒,年度,panasonic,連携,gg,幅広い,@,チーム,多く,パナソニック,アピール,致し,連絡,延長線,受付け,含む,社,変更,確認,準備,5,共通,ならびに,完了,系,sony,既に,公開,検討,受付,応じ,状況,(,株,),ござい,予定,つき,会,オープン,に関する,全て,にて,告知,いただけれ,登録,でき,いける,イノベート,にとって,覚悟,意思,役立て,抜く,やり,行く,あんな,やっ,み,なき,なんと,かし,変え,かたち,機会,教育,育む,すなわち,フィールド,場,における,に対して,あたり前,日常,至る,米,野菜,財,いこ,安心,食べ,られる,おいしい,食材,食卓,届ける,快適,カー,ライフ,生み出す,患者,診察,医療,質,向上,図る,あくまでも,馴染み,深い,スマート,フォン,パソコン,そのもの,自体,つくる,目的,なく,何より,持つ,ツール,ネットワーク,テクノロジー,用い,送り出す,どちら,不可欠,知恵,アイデア,組み合わせ,意識,主体,広い,一人ひとり,スピード,とてつもない,最も,限り,きりひらく,見つめ,もつ,歩,業界,一,今,暮らし,間接,開拓,宇宙,不安,培っ,ベース,省エネ,テロ,災害,活,合言葉,保全,取り組み,共生,削減,サービス,化,注力,CO,感,そこ,迎え,その間,行わ,活発,真正面,向き合い,一緒,交流,切り,拓い,各,YASKAWA,扉,ノック,個性,10,研究所,21,コーポレート,60,刷新,9,代目,1915,石炭,搬送,拠点,炭坑,電,気品,受注,手掛ける,生産,日本,電気,大きく,遅れ,ほとんど,外国,製,国産,大変,息づく,脈々と,受け継ぎ,国内外,有し,あらゆる,オートメーション,関わる,先端,遂行,を通じて,広く,家電,冷蔵庫,福祉,ファクトリーオートメーション,処理,上下水道,基づき,最高,水準,ノウハウ,駆使,結果,ドライブ,獲得,管理,文化,経済,構造,違い,くる,要求,柔軟,対応,ローカル,掛け合わ,グローカル,運行,品,地位,確立,売上げ,半分,海外,節目,迎える,ビジョン,策定,中核,両用,近い,共存,市場,鉄道,めざす,ロボティクスヒューマンアシスト,省エネルギー,設備,優しい,変電,送,柱,台頭,に対し,幅広く,頼っ,歩み,進め,真,進化,時,受け継が,スピリット,国際,等しく,求め,られ,志,立て,徹底的,実行,輸入,まだまだ,若い,母体,製作所,造船,ご覧,か,？,神戸,深く,知る,コンテンツ,揃っ,1921,すぎ,発信,まずは,nec,Orchestrating,a,brighter,world,ブランド,ステートメント,面,地域,ひとつ,明るく,創り,あげ,直面,あろ,長年,渡り,ほんの,実績,多い,自身,超え,道のり,決して,たやすい,やりがい,作り上げ,ましょ,思い浮かべる,エレクトロニクス,ホーム,いえ,まず,index,graduates,社風,共感,saiyo,mitsubishielectric,仲間,探し,ず,正しく,お伝え,経由,聞か,真剣,アツ,お手数,出,逢える,心から,なお,いただく,始まり,場合,金,〒,612,8501,マイページログイン,市,いただい,木,竹田鳥羽殿,町,番,部,TEL,〜,075,604,3510,contact,kyocera,inquiry,ja,_,new,input,本社,自社,ソーラー,パネル,設置,30,広がる,中枢,果たし,わずか,名,火,※,全,物心,幸福,同時に,進歩,お越し,ぜひ,セミナー,皆様,約,70,",",000,働く,見据え,テーマ,チャレンジング,強固,チームワーク,個々,存分,発揮,活躍,例えば,若手,果敢,目標,いただき,時点,すれ,難しい,進行,形,捉える,つまり,によって,高まっ,考える,無限,成功,繋がっ,売上,高い,収益,率,と共に,尊敬,The,Company,更
電子・電気機器,154,149,122,95,94,90,58,56,52,46,43,40,37,32,29,29,24,21,21,20,20,19,18,18,17,17,16,16,15,14,13,13,13,13,12,12,12,12,12,11,11,11,11,10,10,10,9,9,8,8,8,8,8,8,8,8,7,7,7,7,7,7,7,7,7,7,6,6,6,6,6,6,6,6,6,6,6,6,6,6,6,6,6,6,5,5,5,5,5,5,5,5,5,5,5,5,5,5,5,5,5,5,5,5,5,5,5,5,5,5,5,5,5,4,4,4,4,4,4,4,4,4,4,4,4,4,4,4,4,4,4,4,4,4,4,4,4,4,4,4,4,4,4,4,3,3,3,3,3,3,3,3,3,3,3,3,3,3,3,3,3,3,3,3,3,3,3,3,3,3,3,3,3,3,3,3,3,3,3,3,3,3,3,3,3,3,3,3,3,3,3,3,3,3,3,3,3,3,3,3,3,3,2,2,2,2,2,2,2,2,2,2,2,2,2,2,2,2,2,2,2,2,2,2,2,2,2,2,2,2,2,2,2,2,2,2,2,2,2,2,2,2,2,2,2,2,2,2,2,2,2,2,2,2,2,2,2,2,2,2,2,2,2,2,2,2,2,2,2,2,2,2,2,2,2,2,2,2,2,2,2,2,2,2,2,2,2,2,2,2,2,2,2,2,2,2,2,2,2,2,2,2,2,2,2,2,2,2,2,2,2,2,2,2,2,2,2,2,2,2,2,2,2,2,2,2,2,2,2,2,2,2,2,2,2,2,2,2,2,2,2,2,2,2,2,2,2,2,1,1,1,1,1,1,1,1,1,1,1,1,1,1,1,1,1,1,1,1,1,1,1,1,1,1,1,1,1,1,1,1,1,1,1,1,1,1,1,1,1,1,1,1,1,1,1,1,1,1,1,1,1,1,1,1,1,1,1,1,1,1,1,1,1,1,1,1,1,1,1,1,1,1,1,1,1,1,1,1,1,1,1,1,1,1,1,1,1,1,1,1,1,1,1,1,1,1,1,1,1,1,1,1,1,1,1,1,1,1,1,1,1,1,1,1,1,1,1,1,1,1,1,1,1,1,1,1,1,1,1,1,1,1,1,1,1,1,1,1,1,1,1,1,1,1,1,1,1,1,1,1,1,1,1,1,1,1,1,1,1,1,1,1,1,1,1,1,1,1,1,1,1,1,1,1,1,1,1,1,1,1,1,1,1,1,1,1,1,1,1,1,1,1,1,1,1,1,1,1,1,1,1,1,1,1,1,1,1,1,1,1,1,1,1,1,1,1,1,1,1,1,1,1,1,1,1,1,1,1,1,1,1,1,1,1,1,1,1,1,1,1,1,1,1,1,1,1,1,1,1,1,1,1,1,1,1,1,1,1,1,1,1,1,1,1,1,1,1,1,1,1,1,1,1,1,1,1,1,1,1,1,1,1,1,1,1,1,1,1,1,1,1,1,1,1,1,1,1,1,1,1,1,1,1,1,1,1,1,1,1,1,1,1,1,1,1,1,1,1,1,1,1,1,1,1,1,1,1,1,1,1,1,1,1,1,1,1,1,1,1,1,1,1,1,1,1,1,1,1,1,1,1,1,1,1,1,1,1,1,1,1,1,1,1,1,1,1,1,1,1,1,1,1,1,1,1,1,1,1,1,1,1,1,1,1,1,1,1,1,1,1,1,1,1,1,1,1,1,1,1,1,1,1,1,1,1,1,1,1,1,1,1,1,1,1,1,1,1,1,1,1,1,1,1,1,1,1,1,1,1,1,1,1,1,1,1,1,1,1,1,1,1,1,1,1,1,1,1,1,1,1,1,1,1,1,1,1,1,1,1,1,1,1,1,1,1,1,1,1,1,1,1,1,1,1,1,1,1,1,1,1,1,1,1
 
gyoukai,の,、,を,。,に,て,し,ます,は,」,「,た,な,で,い,・,が,"",と,グループ,銀行,お客,さま,採用,"",　,や,ご,から,金融,さ,まし,-,より,お,提供,サービス,など,企業,ため,エントリー,する,（,）,*,＜,＞,地域,京都,化,方,たい,です,へ,も,関西,れ,こと,として,成長,証券,当社,.,！,資産,により,ください,ニーズ,登録,いく,社員,信託,様々,被災,皆さま,業界,という,性,ビジネス,年,情報,みずほ,個人,新卒,運用,おり,選考,ページ,仕事,貢献,商品,心,★,申し上げ,日,その,事業,大和証券,高い,支援,いる,信頼,グローバル,ある,れる,的,お客様,大,持っ,マイ,想い,/,リテール,発展,力,価値,にて,総合,存在,せ,経済,ホームページ,部,そ,日本,そして,お待ち,なる,また,２,あり,だけ,当行,機能,もと,ので,国内,高度,この,国内外,最大,専門,き,不動産,地震,最高,社会,経営,ソリューション,考え,【,による,マイナビ,見舞い,プレ,営業,みなさん,り,まで,：,型,開始,】,規模,2017,年度,最も,中,一,4,人事,中小,幅広い,さらに,月,人材,致し,だ,そんな,真に,職,海外,密着,積極,役に立つ,受付,興味,世界,(,影響,※,1,○,戦略,行員,案内,いただき,なっ,いたし,コンサルティング,形成,キャリア,フィールド,://,www,応え,夢,それ,広域,内,担当,活性,悩み,プロジェクト,チーム,アーバン,活かし,者,アジア,ない,ば,学生,現在,さまざま,皆さん,られ,育成,熊本,に対し,に関する,よう,平成,ライン,多様,度,スタイル,株式,迎え,備え,フル,管理,豊富,付加,市場,水準,ノウハウ,本店,駆使,サイト,こんにちは,com,発行,連携,投資,今,パスワード,か,思い,ID,ログイン,いただい,http,お祈り,でき,可能,マイページ,皆様,地,たち,私,業務,できる,無限,自分,自ら,受託,つき,一層,サポート,セミナー,誰,創業,スケジュール,以降,“,志,制度,”,意欲,当初,出会い,楽しみ,創出,全国,受け,取引,ブログ,配信,について,初めて,なく,三井住友銀行,家族,掲げ,毎日,28,取り組ん,支える,知っ,スタンダード,一人ひとり,以下,進め,必要,目指し,もっ,続け,こそ,お知らせ,期待,時,フィナンシャルグループ,木,姿,展開,大切,選ば,努め,産業,深い,方々,いち早く,かつ,お金,的確,以上,地方銀行,人,受検,流れ,一番,拡大,各社,福岡,に対して,対応,ネットワーク,持つ,法人,独自,活用,出店,締切,大阪,UFJ,変更,東京,４月,三菱,ご覧,にとって,),３,５,９,入れ,後,もっとも,学校,研修,相談,元気,先,上,ござい,課題,遠慮なく,連絡,出来る,限り,個々人,都合,合わせ,たら,不都合,頂き,問い合わせ,なに,03,6361,4950,今回,No,その他,これから,*-*-*-*-*-*-*-*-*-*-*-*-*,８,↓,金,身近,頼り,便利,前,つづけ,延長,特徴,5,一角,通り,分野,ト,軸,足,置き,ス,×,テ,点,B,E,W,につきまして,選択,含め,会場,99,％,占める,1700,兆,円,面接,正面,向き合っ,行っ,がり,分かり,難しい,テスト,生き,あれ,WEB,期日,おか,解決,一部,キャッチ,とそ,絆,築き,叶え,ドラマチック,発生,地方,募集,職種,九州,Ａ,14,Ｂ,Ｃ,ＦＡ,つ,重要,27,水,午前,11,NOMURA,メンバーシップ,graduate,なり,手続き,mutbsaiyo,もらえれ,野村證券,株,)　,チェック,次長,兼,課長,石黒,智之,氏,野村,すべて,第,内定,世界中,ブログ・,立地,強み,立脚,歩み,なか,応える,』,観,お互い,認め,合い,続ける,『,財産,挑戦,40,続く,インストラクター,変革,若手,変え,送り出す,修練,促す,インフラ,巡る,駆け,働ける,環境,整え,縦横無尽,描き,広がっ,大きく,実現,前向き,〉,アクセス,誠に,ありがとう,または,〈,受け付け,ワイド,とらわれ,枠,持ち,本日,週間,以内,メール,希望,しばらく,急ぎ,直接,即時,幸せ,活躍,ビル,都,千代田,区,丸の内,結集,超,高齢,旗印,MIZUHO,高まる,One,saiyou,次世代,継承,jp,要望,co,アップ,オーダー,メイド,ホール,セール,増大,進出,複雑,fg,各,ワン,ストップ,融合,高,mizuho,トータル・ソリューション,マーケット,金利,為替,リスクマネジメントニーズ,URLhttp,分析,届け,反映,等,とともに,ロンドン,ニューヨーク,freshers,通じ,タイムリー,smbc,家,関連,仲介,各種,復旧,顧問,早く,フルラインアップ,擁し,基づく,参り,順次,残高,誇る,一貫,シームレス,評価,獲得,代行,詳細,基盤,量,新しい,実務,法務,IR,SR,実施,株主,立案,施策,実行,きめ細か,日程,本,就活,生,角度,バリエーション,富ん,別,ラインナップ,用意,ぜひ,今年,加え,114,周年,当時,脈々と,受け継が,6,パイオニア,精神,予定,において,初,対象,機会,リード,例,あげれ,当たり前,インターネット,公平,毅,導入,ほか,國,インパクト・インベストメント,販売,手掛け,頭取,純増,重視,株式会社,いき,ラップ,注力,擁する,証,銀,モデル,他社,先駆け,前進,揺るぎない,こうして,向き合い,スローガン,Passion,for,the,Best,真摯,情熱,もとより,しよ,う,表現,常に,生まれる,追い求める,熱い,PASSION,気概,体現,クオリティ,超える,今年度,たくさん,応募,ふれ合う,何事,取り組む,かたち,関係,深め,られる,様,日々,努力,さん,いかなる,地元,中核,掲げる,めざす,発揮,安定,基本,方針,中長期,たとえば,顧客,ライフ,ステージ,応じ,最適,まいり,迅速,に対する,強化,観光,取り組み,ハイクオリティ,これ,ボーダーレス,働,速く,ヒト,モノ,進化,伴い,協,時代,趨勢,捉え,2000,12,草津,支店,内外,とどまら,ず,滋賀,随一,兵庫,奈良,エリア,多く,によって,良い,邦銀,是非,公開,魅力,特別,いっそう,不可欠,2010,22,全,学び,実践,後輩,伝承,場,得,設立,2014,新,イベント,施設,桂川,キャンパス,完成,スキル,人間,伸ばす,教育,体系,役,立てる,推進,謹んで,震災,安全,早い,復興,個別,弊,行,電話,今後,下さい,心斎橋,Page,Recruiting,職員,抱い,もっと,My,暮らす,人々,豊か,バンク,リレーションシップバンキング,だから,を通じて,喜ん,いただける,尽くす,とても,共感,関わり,ぶつかり,共に,歩ん,感,NO,地銀,生き方
銀行・証券,179,161,122,103,99,74,71,68,55,39,39,39,37,35,33,31,31,30,29,24,21,20,20,20,20,19,19,18,18,17,17,16,16,15,15,14,14,14,14,14,14,13,12,12,12,12,12,12,11,11,11,11,10,10,10,10,10,10,9,9,9,9,9,8,8,8,8,8,8,8,8,8,7,7,7,7,7,7,7,7,7,7,7,7,6,6,6,6,6,6,6,6,6,6,6,6,6,6,6,6,6,5,5,5,5,5,5,5,5,5,5,5,5,5,5,5,5,5,5,5,5,5,5,5,5,5,5,5,5,5,5,5,5,5,5,5,4,4,4,4,4,4,4,4,4,4,4,4,4,4,4,4,4,4,4,4,4,4,4,4,4,4,4,4,4,4,4,4,4,4,4,4,4,4,4,4,3,3,3,3,3,3,3,3,3,3,3,3,3,3,3,3,3,3,3,3,3,3,3,3,3,3,3,3,3,3,3,3,3,3,3,3,3,3,3,3,3,3,3,3,3,3,3,3,3,3,3,3,3,3,3,3,3,3,3,3,2,2,2,2,2,2,2,2,2,2,2,2,2,2,2,2,2,2,2,2,2,2,2,2,2,2,2,2,2,2,2,2,2,2,2,2,2,2,2,2,2,2,2,2,2,2,2,2,2,2,2,2,2,2,2,2,2,2,2,2,2,2,2,2,2,2,2,2,2,2,2,2,2,2,2,2,2,2,2,2,2,2,2,2,2,2,2,2,2,2,2,2,2,2,2,2,2,2,2,2,2,2,2,2,2,2,2,2,2,2,2,2,2,2,2,2,2,2,2,2,2,2,2,2,2,2,2,2,2,2,2,2,2,2,2,2,2,2,2,2,1,1,1,1,1,1,1,1,1,1,1,1,1,1,1,1,1,1,1,1,1,1,1,1,1,1,1,1,1,1,1,1,1,1,1,1,1,1,1,1,1,1,1,1,1,1,1,1,1,1,1,1,1,1,1,1,1,1,1,1,1,1,1,1,1,1,1,1,1,1,1,1,1,1,1,1,1,1,1,1,1,1,1,1,1,1,1,1,1,1,1,1,1,1,1,1,1,1,1,1,1,1,1,1,1,1,1,1,1,1,1,1,1,1,1,1,1,1,1,1,1,1,1,1,1,1,1,1,1,1,1,1,1,1,1,1,1,1,1,1,1,1,1,1,1,1,1,1,1,1,1,1,1,1,1,1,1,1,1,1,1,1,1,1,1,1,1,1,1,1,1,1,1,1,1,1,1,1,1,1,1,1,1,1,1,1,1,1,1,1,1,1,1,1,1,1,1,1,1,1,1,1,1,1,1,1,1,1,1,1,1,1,1,1,1,1,1,1,1,1,1,1,1,1,1,1,1,1,1,1,1,1,1,1,1,1,1,1,1,1,1,1,1,1,1,1,1,1,1,1,1,1,1,1,1,1,1,1,1,1,1,1,1,1,1,1,1,1,1,1,1,1,1,1,1,1,1,1,1,1,1,1,1,1,1,1,1,1,1,1,1,1,1,1,1,1,1,1,1,1,1,1,1,1,1,1,1,1,1,1,1,1,1,1,1,1,1,1,1,1,1,1,1,1,1,1,1,1,1,1,1,1,1,1,1,1,1,1,1,1,1,1,1,1,1,1,1,1,1,1,1,1,1,1,1,1,1,1,1,1,1,1,1,1,1,1,1,1,1,1,1,1,1,1,1,1,1,1,1,1,1,1,1,1,1,1,1,1,1,1,1,1,1,1,1,1,1,1,1,1,1,1,1,1,1,1,1,1,1,1,1,1,1,1,1,1,1,1,1,1,1,1,1,1,1,1,1,1,1,1,1,1,1,1,1,1,1,1,1,1,1,1,1,1,1,1,1,1,1,1,1,1,1,1,1,1,1,1,1,1,1,1,1,1,1,1
 
gyoukai,、,の,を,。,に,は,て,し,ます,が,で,と,」,「,た,月,（,）,3,日,も,@,い,です,"",お客様,な,する,こと,から,・,キャンパス,や,"",という,もの,ご,年,　,より,あり,まし,たい,住宅,私,当社,建築,住まい,として,！,いき,その,企業,仕事,会社,たち,.,性能,など,ある,LIXIL,づくり,エントリー,社会,営業,/,それ,さ,ため,火,事業,家,的,だけ,ませ,ん,1,できる,よう,いる,提案,思い,採用,か,何,作品,技術,いく,＞,き,社員,賞,＜,会,考え,日本,説明,れ,工務,金,夢,水,だ,価値,清水建設,力,設計,へ,08,店,東京,人,環境,多く,貢献,必要,関わる,みなさん,提供,木,う,お,ページ,暮らし,を通じて,なり,物,担当,なく,そして,／,展示,一,階,販売,総合,ない,■,時代,07,創業,“,建設,一条,4,られる,第,10,09,これ,人々,今,ので,住,感じ,現在,まで,号館,”,生活,発電,大きな,11,理念,人事,完成,グループ,ぜひ,住友林業,ば,持っ,形,想い,15,マイナビ,せ,棟,高い,ほど,時,全国,jp,豊か,でしょ,館,快適,ください,就職,://,以上,2011,この,サービス,場,2,信頼,案内,ニーズ,http,方,部門,文化,いただき,Technology,東京ドーム,品質,こんにちは,ご覧,様々,大学,まずは,系,各,自分,ず,数,れる,イメージ,一緒,いただい,やりがい,化,ビジネス,─,デザイン,部,致し,成長,関係,に対する,もちろん,世界,られ,？,情報,スタート,地域,誇り,株式会社,主,とともに,事務,条,新卒,大切,エリア,心,良い,磨き,ながら,最良,解決,セキスイハイムグループ,もと,今後,おり,誕生,あっ,地区,こそ,サイト,前,発展,例えば,組,家族,大林,性,行っ,土,未来,財産,に対して,安心,図面,教室,合同,大林組,太陽光,本社,ビル,後,一人ひとり,なる,ホール,講義,資産,さらに,なっ,目,5,内,(,きっかけ,),受賞,感動,ところ,世に,特徴,建造,校舎,明治大学,において,記念,大賞,早稲田大学,中央大学,名古屋,B,その後,関西学院大学,省エネ,事,でき,こうした,ささやか,大,重ね,深い,挑戦,一つ,西宮,上ケ原,造り,学生,体育館,会館,ビジョン,2020,基準,取り組ん,頂ける,教育,指導,国,に関する,室,また,持続,活用,近年,目標,達成,超,型,オフィス,スピード,さん,経,新た,入社,免,震,支店,十,よく,あなた,□,発揮,後世,北海学園大学,見,最大限,立場,選ん,システム,地震,開発,切り,将来,12,による,接客,プレ,打合せ,働く,そこで,JOB,FAIR,拠点,普及,メール,強く,姿,(※),中央,創造,co,ビッグ,www,14,こちら,業界,分野,展開,ホームページ,差,サポート,メーカー,引き渡し,EXPO,どの,業務,24,舞台,知っ,合わせ,顧客,推進,パネル,活躍,常に,商社,シティ,残る,全般,もっと,国内外,創り,建材,木材,向上,創っ,HP,『,職,搭載,幅広い,』,非常,可能,幸せ,続ける,努め,セキスイハイム,社風,遺し,素晴らしい,期間,士,超え,製品,制度,契約,応える,こだわり,なら,一つひとつ,角度,考える,チーム,つながり,ね,計画,会い,楽しみ,重要,構造,いただける,商品,ーベルハウス,雰囲気,実績,モデルハウス,活動,点,込め,によって,そうした,saiyou,お願い,評価,※,について,における,イベント,関わら,手がけ,国内,求め,人びと,規模,み,100,呼ん,通り,優れ,竹中工務店,これから,マイページ,経営,複雑,マイ,不動産,グローバル,ござい,得,知識,ありがとう,テクノロジー,企画,地球,施工,積水ハウス,ビルドアンドスクラップ,聞き,作っ,要望,交渉,まとめる,とどまら,異なり,全体,統括,単に,売れれ,いい,少し,通常,数字,追う,範囲,強み,つくり上げ,当,スタイル,コンサルティング,行う,適切,いよいよ,就活,シーズン,それぞれ,目的,叶える,選び,理想,選択,決断,迫ら,いれ,本気,応援,歩,踏み出し,特性,対応,きめ細かく,条件,ですから,随時,違い,違え,OPEN,【,すみ,りん,】,sfc,information,風土,fresher,フルオーダーメイド,注文,気候,トータル,最初,接点,根ざし,ほとんど,トミ,週末,祝日,常駐,来場,クラ,倉富,構築,局,資金,皆さん,税金,多彩,saiyo,質問,飛ん,sekisuiheim,的確,充実,不可欠,とても,申込み,各社,☆,インテリア,コーディネーター,ら,プロジェクト,つくり,要する,あったかい,およそ,長い,歩み,作る,憧れ,マイホーム,具体,お手伝い,オープン,利用,FP,資格,取得,FAMILY,頑張っ,A,LIKE,熊本,朋絵,高津,本部,関わっ,速め,調達,仕,入,嬉しかっ,出る,涙,とき,中,でも,くださっ,家具,等,使用,合板,扱っ,贈っ,プレゼント,問屋,プレカットメーカー,サプライズ,中でも,そのもの,そう,個人,意思,尊重,くれる,たとえ,新人,瞬間,同様,配属,暫く,間,失敗,多々,上司,先輩,上回る,進め方,随分,上手く,増え,感,場面,モチベーション,高く,期待,取り組め,目指す,積み重ねる,ナンバーワン,海外,駐在,経験,思いやり,気づかい,チャンス,恵まれ,意欲,取組み,高め,大和ハウス,工業,たび,弊社,受け付け,上記,リンク,［,ゼロ,］,応募,お伝え,お越し,ＷＥＢ,分から,2017,年度,お送り,：,内容,daiwahouse,アポイント,student,太刀川,真美,左,足立,美優,話し合い,秋山,眞,範,右,パイオニア,ゆっくり,多い,やりとり,窓口,プロセス,全,始まり,来ら,関わり,担い,体験,拓い,やはり,だからこそ,＝,実際,財,資本,過程,育てる,だり,カーテン,能力,たり,新築,整え,調べ,実家,頃,学内,セミナー,中学生,参加,北,都市,健太,倉,世田谷,沖,小樽商科大学,店長,7,入れ,法学部,後輩,積極,委員,課,九州大学,伊都,研修,社内,熊本大学,学ん,日々,積み重なる,埼玉大学,心配り,学会,いただく,機会,さり,明治学院大学,白金,武蔵大学,江古田,くだ,多摩,獨協大学,天野,貞祐,帰っ,添え,手紙,生田,でし,東北学院大学,土樋,6,不在,運ん,駿河台,リバティタワー,足,早稲田,東京外国語大学,研究,後日,南山大学,聞い,名前,M,住所,いらっしゃい,分,出会い,先日,新館,会議,出せる,愛知大学,成城大学,学,東京理科大学,野田,経済学部,本館,地下,なけれ,答え,丁寧,関西大学,千里山,学舎,C,402,物事,龍谷大学,深草,中京大学,愛知,県,たっ,法政大学,市ヶ谷,部分,人生,建,戸,ベルサール,六,本木,関東,働き,ナンバー,号,北海道大学,クラーク,サンシャインシティ,Ａ,大阪市立大学,高原,東京大学,本郷,生,協,二,食堂,16,なかでも,志望,福岡,ヤフオク,ドーム,18,近畿大学,東大阪,１１月,19,京都,烏丸,コンベンションホール,20,23,名古屋大学,東山,豊田,講堂,携わる,立命館大学,びわこ,くさ,つ,芝浦工業大学,大宮,25,西南学院大学,28,同志社大学,今出川,良心,館内,買い物,高価,最も,一生,リクシル,従来,枠,繋がる,ソリューション,目指し,トステム,INAX,新日軽,サンウエーブ工業,製造,除く,東洋エクステリア,社,統合,社名,LIVING,LIFE,掛け合わ,造語,名,したい,もらえる,含め,決める,印象,風習,異なる,諸,外国,築い,生かし,聴く,話す,まず,築く,世界中,株主,約束,WAY,選考,VISION,共有,コンテンツ,VALUE,実践,続き,存在,意義,示し,2015,イノベーション,大臣,交通,サステナビリティ,重視,Water,国土,Housing,Building,Kitchen,エコプロダクツ,担う,ジャパン,カンパニー,新,体制,シナジー,効果,真,モデル,グッド,ヘーベルハウス,続く,世代,旭化成ホームズ,先進,働ける,理由,％,誰,簡単,そんなに,難しい,建てる,にとって,度,ゆえ,慎重,かつ,真剣,始め,スタッフ,90,まちがい,厳しい,当然,今や,ロング,ライフ,確固たる,方針,理解,共感,頂き,為,スキル,マインド,支持,実っ,円,初めて,厳しかっ,とも,築か,0,最終,支出,上げ,半,世紀,街,初期,紙面,表し,難い,感じる,方法,もしくは,拡大,エネルギー,下さい,クリーン,shimz,new,index,html,頂い,専用,登録,CM,独自,集め,注目,選ば,No,そんな,シミズ,共通,メッセージ,ハウス・オブ・ザ・イヤー・イン・エナジー,子ども,誇れる,ごと,以来,熱い,回,コンペ,競う,送り出し,全て,シーン,追求,結果,原点,それら,どれ,上,同じ,基盤,守り,個性,役割,果たし,役に立つ,願い,長期,なぜなら,Smart,Vision,2010,満足,進化,策定,コア,そこ,クリア,使い,入っ,人類,定める,影響,大きく,さまざま,領域,拡げ,質,悪し,良し,つまり,やすく,銀座,程,近い,京橋,保ち,2012,8,移転,温度,室内,壁面,緑化,最先端,結集,株,断熱,頂け,お過ごし,残し,耐震,建物,繋がり,進歩,新しい,拓く,情熱,続け,品川,インター,により,物件,つくる,こころ,創る,120,節目,迎え,基本,制定,信念,誠実,空間,配慮,良き,市民,課題,揺るぎない,取り組み,すべて,これら,実現,タワー,1978,ミッドタウン,ヘップ・ファイブ,あべの,ハルカス,…,象徴,数多く,手掛け,かけ,今日,場所,やすらぐ,どこ,成し遂げ,者,創り出そ,400,変わり,!!=========,こめ,お待ち,受付,予約,予定,ましょ,ラクーア,ホテル,ミーツポート,開催,代表,にて,生命,守る,器,伝える,考え方,捉え,真に,世,のこす,打ち込む,愛着,姿勢,多方面,デミング,管理,BCS,BELCA,多数,ひとつ,ところで,変化,会場,各地,多様,長年,にわたって,蓄積,被害,最小限,留める,制,振,あるいは,シックハウス,症候群,原因,突き止め,化学,物質,制御,最近,耐火,集成,材,木造,工事,竣工,運用,山田,支援,切り口,アセット,プロパティ,マネジメント,ソフト,面,問題
建設・住宅・インテリア,214,193,172,150,140,107,105,79,78,71,67,59,58,57,56,55,54,54,47,47,43,42,37,37,36,34,32,26,25,24,23,22,22,20,20,17,16,16,16,15,15,14,14,14,14,13,13,13,13,13,13,13,12,12,12,12,11,11,11,11,11,11,11,10,10,10,10,10,10,10,10,10,9,9,9,9,9,9,9,9,9,9,9,9,8,8,8,8,8,8,8,8,8,8,8,8,7,7,7,7,7,7,7,7,7,7,7,7,7,7,7,7,7,7,7,6,6,6,6,6,6,6,6,6,6,6,6,6,6,6,6,6,6,6,5,5,5,5,5,5,5,5,5,5,5,5,5,5,5,5,5,5,5,5,5,5,5,5,5,5,5,5,5,5,4,4,4,4,4,4,4,4,4,4,4,4,4,4,4,4,4,4,4,4,4,4,4,4,4,4,4,4,4,4,4,4,4,4,4,4,4,4,4,4,4,4,4,4,4,4,4,4,4,3,3,3,3,3,3,3,3,3,3,3,3,3,3,3,3,3,3,3,3,3,3,3,3,3,3,3,3,3,3,3,3,3,3,3,3,3,3,3,3,3,3,3,3,3,3,3,3,3,3,3,3,3,3,3,3,3,3,3,3,3,3,3,3,3,3,3,3,3,3,3,3,3,3,3,3,3,3,3,3,3,3,3,3,3,3,2,2,2,2,2,2,2,2,2,2,2,2,2,2,2,2,2,2,2,2,2,2,2,2,2,2,2,2,2,2,2,2,2,2,2,2,2,2,2,2,2,2,2,2,2,2,2,2,2,2,2,2,2,2,2,2,2,2,2,2,2,2,2,2,2,2,2,2,2,2,2,2,2,2,2,2,2,2,2,2,2,2,2,2,2,2,2,2,2,2,2,2,2,2,2,2,2,2,2,2,2,2,2,2,2,2,2,2,2,2,2,2,2,2,2,2,2,2,2,2,2,2,2,2,2,2,2,2,2,2,2,2,2,2,2,2,2,2,2,2,2,2,2,2,2,2,2,2,2,2,2,2,2,2,2,2,2,2,2,2,2,2,2,2,2,2,2,2,2,2,2,2,2,2,2,2,2,2,2,2,2,2,2,2,2,2,2,2,2,2,2,2,2,2,2,2,2,2,2,2,2,2,2,2,2,2,1,1,1,1,1,1,1,1,1,1,1,1,1,1,1,1,1,1,1,1,1,1,1,1,1,1,1,1,1,1,1,1,1,1,1,1,1,1,1,1,1,1,1,1,1,1,1,1,1,1,1,1,1,1,1,1,1,1,1,1,1,1,1,1,1,1,1,1,1,1,1,1,1,1,1,1,1,1,1,1,1,1,1,1,1,1,1,1,1,1,1,1,1,1,1,1,1,1,1,1,1,1,1,1,1,1,1,1,1,1,1,1,1,1,1,1,1,1,1,1,1,1,1,1,1,1,1,1,1,1,1,1,1,1,1,1,1,1,1,1,1,1,1,1,1,1,1,1,1,1,1,1,1,1,1,1,1,1,1,1,1,1,1,1,1,1,1,1,1,1,1,1,1,1,1,1,1,1,1,1,1,1,1,1,1,1,1,1,1,1,1,1,1,1,1,1,1,1,1,1,1,1,1,1,1,1,1,1,1,1,1,1,1,1,1,1,1,1,1,1,1,1,1,1,1,1,1,1,1,1,1,1,1,1,1,1,1,1,1,1,1,1,1,1,1,1,1,1,1,1,1,1,1,1,1,1,1,1,1,1,1,1,1,1,1,1,1,1,1,1,1,1,1,1,1,1,1,1,1,1,1,1,1,1,1,1,1,1,1,1,1,1,1,1,1,1,1,1,1,1,1,1,1,1,1,1,1,1,1,1,1,1,1,1,1,1,1,1,1,1,1,1,1,1,1,1,1,1,1,1,1,1,1,1,1,1,1,1,1,1,1,1,1,1,1,1,1,1,1,1,1,1,1,1,1,1,1,1,1,1,1,1,1,1,1,1,1,1,1,1,1,1,1,1,1,1,1,1,1,1,1,1,1,1,1,1,1,1,1,1,1,1,1,1,1,1,1,1,1,1,1,1,1,1,1,1,1,1,1,1,1,1,1,1,1,1,1,1,1,1,1,1,1,1,1,1,1,1,1,1,1,1,1,1,1,1,1,1,1,1,1,1,1,1,1,1,1,1,1,1,1,1,1,1,1,1,1,1,1,1,1,1,1,1,1,1,1,1,1,1,1,1,1,1,1,1,1,1,1,1,1,1,1,1,1,1,1,1,1,1,1,1,1,1,1,1,1,1,1,1,1,1,1,1,1,1,1,1,1,1,1,1,1,1,1,1,1,1,1,1,1,1,1,1,1,1,1,1,1,1,1,1,1,1,1,1,1,1,1,1,1,1,1,1,1,1,1,1,1,1,1,1,1,1,1,1,1,1,1,1,1,1,1,1,1,1,1,1,1,1,1,1,1,1,1,1,1,1,1,1,1,1,1,1,1,1,1,1,1,1,1,1,1,1,1,1,1,1,1,1,1,1,1,1,1,1,1,1,1,1,1,1,1,1,1,1,1,1,1,1,1,1,1,1,1,1,1,1,1,1,1,1,1,1,1,1,1,1,1,1,1,1,1,1,1,1,1,1,1,1,1,1,1,1,1,1,1,1,1,1,1,1,1,1,1,1,1,1,1,1,1,1,1,1,1,1,1,1,1,1,1,1,1,1,1,1,1,1,1,1,1,1,1,1,1,1,1,1,1,1,1,1,1,1,1,1,1,1,1,1,1,1,1,1,1,1,1,1,1,1,1,1,1,1,1,1,1,1,1,1,1,1,1,1,1,1,1,1,1,1,1,1,1,1
 
gyoukai,、,の,を,。,に,て,は,ます,し,で,-,が,た,と,な,日,世界,"",する,」,「,・,い,も,クルマ,技術,や,こと,"",たち,まし,年,ご,社会,当社,です,私,月,未来,など,　,マイナビ,へ,”,開発,3,“,さ,その,き,いる,自動車,(,あり,的,皆さん,製品,）,ため,ください,より,採用,提供,から,づくり,いき,環境,（,人,いたし,挑戦,お,ある,EXPO,人々,就職,6,事業,できる,エントリー,力,れ,を通じて,お客様,分野,システム,として,続け,対応,4,),申し上げ,出展,そして,いただき,たい,生活,登録,貢献,会員,もの,メーカー,5,ぜひ,◆,いく,世界中,豊か,おり,化,販売,◇,ない,聞き,交通,また,】,【,せ,フィールド,今後,関連,ませ,Kawasaki,想い,実現,ページ,被災,これ,1,変化,商品,お待ち,AT,人事,ん,企業,限界,モノ,か,考え,グループ,初,理系,発揮,車,地震,エネルギー,Zoom,会場,TNGA,お願い,独創,お祈り,とともに,！,この,創業,以来,心,地球,発展,目指す,時代,先進,れる,ので,選考,これから,国,富士重工業,方,/,産業,部品,■,現在,話,100,来,まで,来場,存在,性,各国,速,.,地域,案内,あらゆる,なる,社員,１,いただい,さらに,8,により,楽しみ,使命,一,られ,つくる,自身,お越し,という,川崎重工業,情報,戦略,ともに,見舞い,部,開催,経済,新た,価値,たくさん,拡大,なごや,中,リード,用,トヨタ,ポートメッセ,先,融合,方々,車両,新しい,培っ,それ,一人ひとり,創造,説明,通信,熊本,.　,発生,初めて,会,以降,にて,なく,14,なら,様々,超え,Honda,革新,チーム,成功,もと,だ,ミッション,実用,次世代,』,取り組ん,困難,そんな,共感,カー,IT,ハイブリッド,歴史,航空機,各種,ニーズ,Global,機械,安全,子ども,笑顔,規模,『,でき,構造,物流,網,輸送,満足,2017,影響,問い合わせ,個別,よう,飛躍,活用,責任,早い,もっ,もっと,目指し,〜,PERSONAL,地方,新興,PAGE,ユーザー,について,E,精神,メール,-----,可能,広がっ,株,超える,行っ,自分,＜,みなさん,前身,中島,創り,飛行機,ゼロ,原動力,グローバル,＞,プレイヤー,想像,設立,日本人,向け,一緒,チャレンジ,活かし,う,個性,中心,生み出し,高度,エンジン,暮らし,つくっ,部門,独自,支え,小粒,アイシン精機,頂き,ありがとう,ござい,台,感,ながら,魅力,スバル,日程,)、,得意,連絡,土,金,まず,運ん,集中,インフラ,における,提携,一つ,PRIUS,オートマチックトランスミッション,同時に,低減,原価,向上,シェア,必要,申込,FR,HP,受付,取り組み,領域,トップ,カーナビゲーションシステム,生まれ,2,状況,専用,復旧,織機,カーエアコン,活躍,コンプレッサー,スケジュール,において,発想,マツダ,冥福,人生,共存,常に,呼ば,時流,先んじ,新,企画,熱い,アクセス,興味,持っ,38,近く,万,デンソー,サプライヤー,レベル,名古屋,行い,そちら,用意,マイページ,ご覧,有数,公開,WEB,ブレーキ,ボディ,電子,!>,New,<,ましょ,住,医療,越える,広がり,…,まだまだ,いか,なけれ,ば,期待,積極,推進,メジャー,カタチ,なり,成長,夢,次,とい,こう,世,ここ,源泉,届け,こそ,拓く,世の中,動く,眠っ,強く,信じ,モビリティ,大分,み,あなた,亡くなり,地,みなさま,られる,覚悟,回復,受け,示す,あり方,つき,不利,無い,だからこそ,柔軟,事実,まいり,質問,相談,落ち着い,結構,マイ,増す,-------------------------,事故,年度,定期,応募,問題,株式会社,増える,一方,課,なし,守る,街,ITS,普及,川崎重工,掲げる,EV,PHV,HV,今,ほぼ,新車,画期的,そう,簡単,生み出せる,壁,失敗,乗り越え,結果,数々,ガソリンエンジン,よい,生む,何より,重要,財,求め,切磋琢磨,2050,築い,他者,理解,さまざま,といった,立ち向かう,持ち,社内外,多様,場面,リーダーシップ,MIRAI,電池,観,燃料,実践,体現,くれる,1878,130,通用,歩ん,長く,着実,歩み,造船,鉄道,機動,入れ,視野,動向,規制,モーターサイクル,プラント,応じ,幅広く,将来,築く,否定,ダイナミック,21,世紀,加速,成果,過去,整備,ネットワーク,ともない,意味,国土,海洋,宇宙,場,大きく,現状,達成,ず,提唱,長い,いい,優れ,サービス,2007,カワサキグループ・ミッションステートメント,制定,最,上位,掲げ,果たす,べき,つながっ,明確,思い描く,挑める,大きな,秘め,出会い,創出,きわだつ,挑む,雇用,感動,つながる,メッセージ,足,育成,モータリゼーション,声,シート,提出,方法,随時,に関する,ID,パスワード,各,現物,届き,際,必ず,おい,コミュニケーション,取っ,思い,どうぞ,よろしく,現地,担っ,／,スタッフ,一同,2016,礎,経,戦前,上げる,全て,によって,1917,手,わが国,最大,基盤,先取り,理念,今や,日本,総合,機,支える,集まり,レガシィ,インプレッサ,フォレスター,それら,提案,あふれ,つくりださ,ご存知,でしょ,誰,走っ,のせ,いのち,つまり,フルラインナップメーカー,得る,ターゲット,高い,カテゴリー,No,想い出,ならでは,経営,資源,だけ,単に,求める,納得,価格,デビュー,資本,業務,12,2015,巨額,投資,スケール,メリット,コア,さらなる,図っ,一層,拡充,並行,人材,促し,尊重,特徴,社風,捉え,ほかなり,こんにちは,アイシン・エィ・ダブリュ,担当,新卒,いよいよ,スタート,今年,会い,モダン,デザイン,ひときわ,目立つ,本館,展示,スペース,仕組み,カット,モデル,見る,大幅,専門,画面,誇る,2006,閲覧,制,TOYOTA,2012,FF,ＡＴ,挑み,背景,調和,とれ,研究,html,乗る,気持ち,schedule,変え,Driving,Innovation,そのもの,言え,主,つ,biz,前述,はじめ,業界,ドライブ,トレイン,次々,data,ボイスナビゲーションシステム,2014,60,カ国,以上,製,近年,recruit,地図,差分,配信,制御,ナビマチック,胸,最新,com,モータハイブリッドトランスミッション,最近,WD,ハイブリッドトランスミッション,担う,注目,集め,快適,やさしい,サポート,九州,皆様,saiyo,toyota,参加,難しい,場合,事情,鑑み,調整,気兼ね,下記,TEL,:,0566,27,5148,ダイヤ,ルイン,心から,申しあげ,豊田自動織機,豊田,佐吉,発明,G,型,自動,://,製造,目的,https,９,２,６,その後,多角,進め,繊維,確認,掲載,ほか,エレクトロニクス,３つ,Ｎｏ,フォークリフト,エア,ジェット,認め,証,８,７,社,展開,生産,体制,強化,ＨＰ,全体,変革,もたらす,まったく,家族,イノベーション,生みだす,源流,受け継ぎ,を通して,皆さま,走る,歓び,亡くなら,お客,さま,間,特別,絆,ブランド,プレ,致し,)　,室,こよなく,愛し,と共に,におきまして,過ごし,28,姿,思い描き,どんな,平成,ライフ,輝き,永続,多く,真剣,道,どう,極め
自動車・輸送用機器,193,171,141,131,116,83,72,72,66,56,48,46,41,37,33,26,26,25,25,24,24,24,23,23,22,22,21,19,18,17,16,16,16,15,15,15,14,14,14,13,13,13,13,13,13,13,13,12,12,12,11,11,11,11,11,10,10,10,10,10,10,10,10,9,9,9,9,9,9,9,9,8,8,8,8,8,8,8,8,8,8,8,8,8,7,7,7,7,7,7,7,6,6,6,6,6,6,6,6,6,6,6,6,6,6,6,6,6,6,6,6,6,5,5,5,5,5,5,5,5,5,5,5,5,5,5,5,5,5,5,5,5,5,5,5,5,4,4,4,4,4,4,4,4,4,4,4,4,4,4,4,4,4,4,4,4,4,4,4,4,4,4,4,4,4,4,4,4,4,4,4,4,4,4,4,4,4,4,3,3,3,3,3,3,3,3,3,3,3,3,3,3,3,3,3,3,3,3,3,3,3,3,3,3,3,3,3,3,3,3,3,3,3,3,3,3,3,3,3,3,3,3,3,3,3,3,3,3,3,3,3,3,3,3,3,3,3,3,3,3,3,3,3,3,3,3,3,2,2,2,2,2,2,2,2,2,2,2,2,2,2,2,2,2,2,2,2,2,2,2,2,2,2,2,2,2,2,2,2,2,2,2,2,2,2,2,2,2,2,2,2,2,2,2,2,2,2,2,2,2,2,2,2,2,2,2,2,2,2,2,2,2,2,2,2,2,2,2,2,2,2,2,2,2,2,2,2,2,2,2,2,2,2,2,2,2,2,2,2,2,2,2,2,2,2,2,2,2,2,2,2,2,2,2,2,2,2,2,2,2,2,2,2,2,2,2,2,2,2,2,2,2,2,2,2,2,2,2,2,2,2,2,2,2,2,2,2,2,2,2,2,2,2,2,1,1,1,1,1,1,1,1,1,1,1,1,1,1,1,1,1,1,1,1,1,1,1,1,1,1,1,1,1,1,1,1,1,1,1,1,1,1,1,1,1,1,1,1,1,1,1,1,1,1,1,1,1,1,1,1,1,1,1,1,1,1,1,1,1,1,1,1,1,1,1,1,1,1,1,1,1,1,1,1,1,1,1,1,1,1,1,1,1,1,1,1,1,1,1,1,1,1,1,1,1,1,1,1,1,1,1,1,1,1,1,1,1,1,1,1,1,1,1,1,1,1,1,1,1,1,1,1,1,1,1,1,1,1,1,1,1,1,1,1,1,1,1,1,1,1,1,1,1,1,1,1,1,1,1,1,1,1,1,1,1,1,1,1,1,1,1,1,1,1,1,1,1,1,1,1,1,1,1,1,1,1,1,1,1,1,1,1,1,1,1,1,1,1,1,1,1,1,1,1,1,1,1,1,1,1,1,1,1,1,1,1,1,1,1,1,1,1,1,1,1,1,1,1,1,1,1,1,1,1,1,1,1,1,1,1,1,1,1,1,1,1,1,1,1,1,1,1,1,1,1,1,1,1,1,1,1,1,1,1,1,1,1,1,1,1,1,1,1,1,1,1,1,1,1,1,1,1,1,1,1,1,1,1,1,1,1,1,1,1,1,1,1,1,1,1,1,1,1,1,1,1,1,1,1,1,1,1,1,1,1,1,1,1,1,1,1,1,1,1,1,1,1,1,1,1,1,1,1,1,1,1,1,1,1,1,1,1,1,1,1,1,1,1,1,1,1,1,1,1,1,1,1,1,1,1,1,1,1,1,1,1,1,1,1,1,1,1,1,1,1,1,1,1,1,1,1,1,1,1,1,1,1,1,1,1,1,1,1,1,1,1,1,1,1,1,1,1,1,1,1,1,1,1,1,1,1,1,1,1,1,1,1,1,1,1,1,1,1,1,1,1,1,1,1,1,1,1,1,1,1,1,1,1,1,1,1,1,1,1,1,1,1,1,1,1,1,1,1,1,1,1,1,1,1,1,1,1,1,1,1,1,1,1,1,1,1,1,1,1,1,1,1,1,1,1,1,1,1,1,1,1,1,1,1,1,1,1,1,1,1
 
gyoukai,の,、,を,。,に,て,し,は,で,ます,が,と,た,い,事業,"",」,「,=,も,や,な,こと,　,"",素材,的,開発,世界,製品,する,いる,・,です,ある,さ,まし,あり,ため,私,さん,など,技術,●,国,として,明日,社員,エントリー,患者,せ,社会,へ,革新,力,変える,市場,により,担当,できる,海外,コーセー,ブランド,旭化成,たち,例えば,）,から,採用,（,医薬品,可能,化,大きな,】,”,方,転換,成長,いく,製薬,新しい,たい,年,新,医療,新た,き,領域,一,考え,新薬,自ら,【,挑戦,“,ん,ませ,Innovation,か,2017,という,現地,資生堂,おり,解決,高い,継続,取り組ん,性,において,れる,開始,企業,制度,れ,エネルギー,水,人々,お待ち,提供,会社,貢献,変え,いたし,当社,！,新卒,生活,お,変化,もと,年度,この,研究,富士フイルム,施策,価値,ござい,ありがとう,理念,経営,時代,文化,希望,られ,伴う,法人,アステラス,登録,選考,変革,興味,新規,それ,第,三共,生み出し,まさに,その,課題,活動,日々,届け,規模,よう,推進,公募,社内,学生,プレ,ず,世界中,地球,なる,-,化粧,世の中,ビジネス,創業,地域,卒,求め,フィルム,グローバル,いき,グループ,これから,仕事,デジタル,ご,続け,創出,続ける,先,進め,※,用,お願い,う,場面,心,先進,コア,つ,中,全体,"""",4,ニーズ,たくさん,受付,未だ,治療,満足,度,低い,疾患,感,有用,携わっ,部署,成果,異動,届ける,化学,託さ,積極,チャレンジ,一人ひとり,目標,なり,願っ,面接,営業,国際,運営,部,拡大,医薬,健康,思っ,ので,上,自身,共感,膜,中国,浸透,なっ,需要,環境,中心,ながら,費,繊維,初,効率,ない,スローガン,迎え,支援,応募,歴史,者,対応,視点,エリア,燃料,多い,■,開拓,Value,東レ,／,さま,もち,信念,お客,多く,OTC,診断,創,病院,売上,使命,また,を通じて,等,方向,家族,.,マイナビ,より,品,ソリューション,展開,られる,from,就職,写真,現在,線,楽しみ,自分,住宅,X,ぜひ,電子,まずは,でも,なけれ,ば,もちろん,だけ,なく,いか,自体,メッセージ,そして,つなげる,表れ,フィールド,思い,第一線,そこ,行っ,言葉,伝え,シンプル,めざす,認識,強く,こそ,薬,優れ,しかし,道のり,簡単,決して,―,創る,未来,づくり,くすり,温暖,増し,化石,厳し,増大,枯渇,人口,増加,負担,資源,不足,高齢,到来,…,等々,今,投資,これ,点,競争,こうした,問題,本質,めぐる,上流,発想,進展,変わら,モノ,でき,たとえば,旅客機,大幅,省エネ,もたらし,一層,良い,中型,機,自在,行き来,策,丈夫,軽い,炭素,抑制,でし,新興,取り巻く,応える,海水,淡水,要,業界,逆,昨今,型,太陽光,風力,再生,高く,汚染,物質,排出,少ない,電池,信頼,鍵,握っ,先端,闘う,1926,以来,有機,合成,病気,高分子,バイオテクノロジー,ナノ,テクノロジー,88,みなさん,溢れる,駆使,さまざま,世に,送り出し,発展,意欲,衣料,インテリア,家電,エレクトロニクス,自動車,航空機,部材,機器,処理,いこ,機能,創っ,暮らし,支え,産業,リーディング,カンパニー,最終,もたらす,一緒,ゆく,生まれる,人類,抱える,そうした,気概,あらゆる,における,変わり,144,チャンス,少し,双方,重要,とら,会える,枠,既存,夢,あっ,携わる,育成,Ｏ,人材,存在,人事,スケール,報いる,手,挙げ,出し,応援,アピール,論文,含む,書類,考え方,配属,決定,活用,に対する,部門,人,誇れる,いただける,頃,向け,働き,遠慮,じっくり,存分,表現,功,奏し,アジア,圏,各国,マッチ,観,構え,韓国,ビジョン,姿,やりとり,本来,戦略,政策,立案,実施,日本,異なる,関係,習慣,いかに,拡,め,る,特に,まだ,根付い,選ば,切り,拓く,必要,そこで,関連,連携,スポークスパーソン,キャラクター,使っ,イベント,開催,たり,雑誌,各種,メディア,露出,高める,販売,選び,お互い,向上,時,判断,迫ら,機会,背負う,緊張,少なく,全て,生み出す,限り,立場,縮小,再度,見直し,基幹,ケース,国内,異なり,数,限ら,7,目,対等,いう,状況,即し,イチ,大切,まだまだ,未,皆さま,あげ,広げ,ね,打ち出し,スピード,いけ,たら,O,べく,課,プランナー,2009,入社,終了,す,商品,本社,ビル,東京,聞く,どの,イメージ,？,CM,おなじみ,ルル,ロキソニン,S,といった,超え,思い浮かべる,でしょ,医師,%,50,調剤,薬局,処方,中核,つつ,比率,マーケティング,基盤,ジェネリック,ワクチン,豊か,持っ,いただき,に関する,お知らせ,美,いただい,マイページ,公開,プレエントリー,ホームページ,http,://,www,食品,asahi,美容,kasei,jobs,com,120,普段,飲ん,飲料,暮らす,同,使用,インナー,ウェア,モバイル,便利,スマート,フォン,子供,収める,スタッフ,ビデオカメラ,会い,支える,何気ない,活躍,＜,＞,皆さん,ケミカル,建材,ください,部品,材料,基本,人びと,いのち,くらし,多岐,わたり,共通,確認,リンク,まち,上部,=====================　　　　,詳細,コミュニケーション,スタート,致し,=========================,応用,事例,紹介,アイデア,具体,進める,共,場,Open,Hub,新設,後,参加,各地,全国,印刷,EXPO,以外,多様,高,品質,シェア,獲得,一方,1980,年代,初頭,兆し,敏感,感じ取り,読ん,率先,自社,デジタル技術,画期的,定期,画像,実現,FCR,フルデジタルカメラ,DS,1,応え,常に,イノベーション,連続,だっ,言え,激減,大きく,構造,取組み,例,2014,創立,80,周年,制定,コーポレート,頂き,アクセス,ページ,イノベーター,DNA,社内外,知恵,広く,集め,融合,想い,込め,今後,恐れ,拡げる,チカラ,躍る,サービス
繊維・アパレル・化学・薬品・化粧品,152,129,121,93,78,67,60,50,46,46,40,36,33,29,28,27,25,25,22,22,21,20,18,17,16,15,14,13,12,12,12,12,11,11,11,10,10,10,9,9,9,9,9,8,8,8,8,7,7,7,7,7,7,6,6,6,6,6,6,6,6,6,6,6,6,6,6,6,6,6,6,6,6,5,5,5,5,5,5,5,5,5,5,5,5,5,5,5,5,5,5,5,5,5,5,5,5,5,5,5,5,5,5,5,4,4,4,4,4,4,4,4,4,4,4,4,4,4,4,4,4,4,4,4,4,4,4,4,4,4,4,4,4,4,4,4,3,3,3,3,3,3,3,3,3,3,3,3,3,3,3,3,3,3,3,3,3,3,3,3,3,3,3,3,3,3,3,3,3,3,3,3,3,3,3,3,3,3,3,3,3,3,3,3,3,3,3,3,3,3,3,3,3,3,3,3,3,3,3,2,2,2,2,2,2,2,2,2,2,2,2,2,2,2,2,2,2,2,2,2,2,2,2,2,2,2,2,2,2,2,2,2,2,2,2,2,2,2,2,2,2,2,2,2,2,2,2,2,2,2,2,2,2,2,2,2,2,2,2,2,2,2,2,2,2,2,2,2,2,2,2,2,2,2,2,2,2,2,2,2,2,2,2,2,2,2,2,2,2,2,2,2,2,2,2,2,2,2,2,2,2,2,2,2,2,2,2,2,2,2,2,2,2,1,1,1,1,1,1,1,1,1,1,1,1,1,1,1,1,1,1,1,1,1,1,1,1,1,1,1,1,1,1,1,1,1,1,1,1,1,1,1,1,1,1,1,1,1,1,1,1,1,1,1,1,1,1,1,1,1,1,1,1,1,1,1,1,1,1,1,1,1,1,1,1,1,1,1,1,1,1,1,1,1,1,1,1,1,1,1,1,1,1,1,1,1,1,1,1,1,1,1,1,1,1,1,1,1,1,1,1,1,1,1,1,1,1,1,1,1,1,1,1,1,1,1,1,1,1,1,1,1,1,1,1,1,1,1,1,1,1,1,1,1,1,1,1,1,1,1,1,1,1,1,1,1,1,1,1,1,1,1,1,1,1,1,1,1,1,1,1,1,1,1,1,1,1,1,1,1,1,1,1,1,1,1,1,1,1,1,1,1,1,1,1,1,1,1,1,1,1,1,1,1,1,1,1,1,1,1,1,1,1,1,1,1,1,1,1,1,1,1,1,1,1,1,1,1,1,1,1,1,1,1,1,1,1,1,1,1,1,1,1,1,1,1,1,1,1,1,1,1,1,1,1,1,1,1,1,1,1,1,1,1,1,1,1,1,1,1,1,1,1,1,1,1,1,1,1,1,1,1,1,1,1,1,1,1,1,1,1,1,1,1,1,1,1,1,1,1,1,1,1,1,1,1,1,1,1,1,1,1,1,1,1,1,1,1,1,1,1,1,1,1,1,1,1,1,1,1,1,1,1,1,1,1,1,1,1,1,1,1,1,1,1,1,1,1,1,1,1,1,1,1,1,1,1,1,1,1,1,1,1,1,1,1,1,1,1,1,1,1,1,1,1,1,1,1,1,1,1,1,1,1,1,1,1,1,1,1,1,1,1,1,1,1,1,1,1,1,1,1,1,1,1,1,1,1,1,1,1,1,1,1,1,1,1,1,1,1,1,1,1,1,1,1,1,1,1,1,1,1,1,1,1,1,1,1,1,1,1,1,1,1,1,1,1,1,1,1,1,1,1,1,1,1,1,1,1,1,1,1,1,1,1
 
gyoukai,、,の,を,。,に,て,は,し,ます,・,で,　,が,と,た,「,」,世界,い,も,"",な,.,〜,こと,する,や,さ,です,"",製品,！,方,など,まし,たい,分野,技術,年,開発,エントリー,として,から,】,【,採用,業界,へ,活躍,/,人,できる,医療,この,という,新しい,実現,ご,き,お,情報,あり,社員,グローバル,”,か,れ,初,挑戦,ない,機器,れる,提供,より,グループ,企業,（,おり,1,力,それ,）,ください,ませ,ん,■,いる,貢献,イシダ,ある,メーカー,その,://,皆さん,検査,まで,CASIO,性,計量,的,シェア,J,事業,世界中,人々,リコー,向け,システム,せ,食品,常に,＆,日本,ページ,“,よう,心,jp,説明,http,会,生産,そんな,いき,シチズン,たち,以来,-,環境,レイ,発展,新卒,アーク,なる,もの,行っ,健康,一,続け,私,サービス,？,想い,仕事,化,co,つ,カメラ,当社,チーム,成長,生活,そして,デジタル,一人ひとり,せる,www,★,こんにちは,興味,画像,いただき,お客様,中,包装,選考,』,recruit,No,価値,『,理念,経営,以上,ヘルスケア,テクノロジー,機械,どこ,弊社,お待ち,若手,研究,目,今,専門,られ,られる,において,CITIZEN,オフィス,度,ソリューション,人材,にて,トップクラス,目指し,夢,アイデア,創業,展開,時代,↓,カ国,会社,2,販売,豊か,マイ,案内,スケール,目指す,すべて,戦略,国内,いく,積極,ため,これから,ござい,創造,ながら,ジョンソン,世の中,担当,4,是非,だ,株式会社,高,生み出し,売上,楽しみ,会い,責任,お願い,だけ,G,SHOCK,づくり,でも,科学,職種,時計,％,独創,サイト,イノベーション,…,トップ,もっと,誕生,持ち,独自,ありがとう,斬新,122,はず,確認,続ける,2017,致し,希望,いただい,未来,高い,考え,でき,持つ,しかし,舞台,様々,用,商品,受付,コニカミノルタ,海外,診断,まずは,医薬品,発想,等,工場,さらに,中心,連続,ブランド,人事,最先端,みなさん,機,拠点,産業,リード,生み出す,なく,聞く,者,IT,一緒,内,思い,ホームページ,社会,薬,装置,加速,あなた,精密,ひとつ,誇る,働く,治療,求める,創り,努め,規模,パートナー,マガジン,地球,ぜひ,※,html,ご覧,渡邉,元通り,index,により,または,とも,いける,活動,その他,3,領域,jnj,76,期,多く,向上,さまざま,こそ,新,オリンパス,部,現在,いつ,増収,HP,幅広い,ライン,挑み,届け,関連,次,ほしい,発信,構築,たくさん,サポート,日程,自分,支え,記録,方法,製造,歓迎,これら,対象,暮らし,テルモ,出し,局,女性,投資,枠,やり,若い,効率,存在,進出,活用,過去,にわたって,事務,計算,スタイル,でし,各種,任せ,一般,出来る,考え方,法人,上げ,エンド,やさしい,有,無から,→,0,掲げ,利益,我が,マイページ,皆さま,信条,文化,公開,いたし,これ,ネットワーク,知り,リクルート,一瞬,Facebook,Twitter,●,　⇒　,arkray,必要,80,どう,込め,com,電子,達成,多彩,機能,また,最高,満足,発明,生む,ね,まだまだ,!!,制,大きく,プリンター,コア,ニコン,超え,100,光学,強い,本社,チャンス,一体,感,有難う,数々,ず,を通じて,頂き,位,Our,進化,流通,ワイド,ワールド,今後,随時,そこ,失敗,臨床,Credo,食,画期的,開設,インフラ,支える,歩,第,歴史,風土,発言,現場,自由,キーワード,島津製作所,京都,持っ,どの,参加,有し,のみ,両方,高度,取り組み,なっ,捉え,コンピュータ,電気,一つ,幅広く,先駆け,次々,例えば,近年,遺伝子,型,大手,による,ベクトル,体質,適し,薬剤,選択,投与,量,推定,テーラー,メイド,個人,注力,*,解析,判定,数多く,理由,測定,自己,ソフト,血糖,系,エンジニア,薬学,生物,化学,医学,利用,職,自宅,さま,患者,POC,施設,理系,出身,中小,あれ,ば,クリニック,学び,活かす,特長,実際,多様,バックグラウンド,尿,図る,所属,部署,役職,勤続,年数,関係,迅速,正確,病,糖尿,意見,飛び交い,異なる,メンバー,協力,作り上げる,思いつか,長い,生まれる,わけ,2013,シンガポール,40,ロシア,フィールド,相次い,2014,中国,アークレイグループ,8,稼動,11,手がけ,19,所,働い,体外,いっそう,用いる,分析,欠かす,うえ,語る,ミッション,雰囲気,組織,進め,結ば,与える,惜しみ,やりがい,手,絆,同士,盛ん,横断,驚き,感動,部門,もちろん,原動力,ゼロ,皆様,み,覗い,精神,気軽,意志,あく,なき,情熱,耐,衝撃,腕時計,_,twitter,https,コンパクトデジタルカメラ,EXILIM,⇒,学習,台,詰め込ん,recruitment,ARKRAY,辞書,EX,word,代表,親しま,さぁ,facebook,絶対,壊れ,ja,/●,について,先端,兼ね備え,まして,初め,バリュー,軸,簡単,知識,によって,制度,提唱,つまり,基本,姿勢,たとえば,撮影,液晶,モニター,すぐ,初めて,OA,オートメーション,提案,1957,純,式,ワーク,デジタルウォッチ,効果,シリーズ,いくつ,つづける,うち,役立つ,形,従来,四角,だっ,フォーカス,かかわり,ハート,ピント,外れる,ブレイクハート,遊び心,活かし,マネジメント,セールス,入社,メディア,感熱,サーマルメディア,遠慮なく,土壌,組み合わせ,活か,保守,どんどん,品,消耗,ソフトウエア,アップ,常識,とらわれ,チャレンジスピリット,尊重,手段,認知,MFP,立つ,複合,変化,はじめ,予定,まったく,別,しれ,こういう,たら,便利,のに,とことん,追い求め,挑ん,告知,つき,詳細,スケジュール,何,浮かべ,おそらく,よ,通り,最高峰,Accelerator,Change,総合,アパレル,創っ,って,お伝え,支援,ツール,＜,人びと,Recruiting,Magazine,＞,定期,発刊,センター,terumo,秘話,紹介,ほか,なぜ,選ん,等々,内定,生,声,下記,ここ,しか,知る,満載,まず,本,その後,申し込み,順次,申込み,友香,開始,育む,闊達,職場,戦力,輝か,牽引,個性,革新,輝ける,世に,チャレンジ,助ける,果敢,ライフスタイル,更,躍進,特徴,点,思っ,目標,支持,高く,昨日,比率,シーン,あらゆる,改善,余地,始まり,スタートライン,そう,信じ,限り,良く,頃,プラネタリウム,第一線,思いきり,もらっ,なか,成功,経験,積み,こだわり,育み,照明,羽ばたい,願っ,日々,武器,経済,省,グローバルニッチトップ,加工,選,選出,日経,ビジネス,オンライン,キーパーソン,取り上げ,business,nikkeibp,article,interview,20141126,274316,微細,材料,歩み,ビル,丸の内,遂げ,試験,大変,誇り,寄せ,関心,開く,扉,設立,赤字,決算,無く,探求,売り上げ,安定,自慢,ゆるぎ,たゆま,触れ,大きな,取り組ん,みたい,BtoB,こんな,遠,東京,滋賀,探,開催,参り,合っ,宇宙,解き明かさ,発行,を通して,☆,メカニズム,ishida,生命,安全,安心,各,工程,省力,追求,置く,工業,なかでも,強み,発揮,定量,欠か,組合せ,近づき,103,獲得,高める,スーパーマーケット,多数,1893,民間,ハカリメーカー,スタート,パイオニア,1969,ハカリ,1972,1980,年代,他社,集積,なら,表示,拡げ,IC,専用,誇っ,に関する,続き,123,周年,連結,",",000,億,円,年度,早め,核,先進,かつ,新た,マーケット,拡大,国内外,ので,著しい,BRICs,VISTA,アジア,諸国,ナンバーワン,年々,広がっ,元気,明るく,素直,視野,もっ,渦,周囲,巻き込み,同じ,病状,向かっ,まとめ,リーダシップ,営業,推進,パワー,大いに,期待,総務,課,西村,西岡,行い,上,シート,イベント,登録,頂い,アクセス,御座い,に関して,詳しい,受け継が,/）、,願い,なお,限定,プレ,応募,60,250,消費,数,万,アイテム,のぼる,とともに,社是,バンドエイド,ベビー,オイル,身近,イメージ,かも,知れ,手術,まいり,使わ,広く,関わる,扱っ,為,方々,ドクター,看護,師,多岐,わたり,べく,ヘル,ケア,広め,用い,概念,浸透,抱える,問題,解決,病気,怪我,苦しむ,日,早く,す,取り戻し,ビジョン,向かう,付加,ソリューション・,1875,国籍,1932,島津,証,額,総,12,生み出さ,劇的,インパクト,与え,全体,分社,分権,広がる,アドバンテージ,高まっ,すでに,始まっ,言語,全,つなぐ,変え,生かし,重要,要素,恐れ,140,呼ば,1943,起草,70,ファミリー,行動,基準,顧客,地域,株主,ステーク,ホルダー,に対して,果たす,べき,遂行,優先,変わっ,決して,ぶれる,共感,共に,果たし,働き,繋ぐ,つない,ゆく,富士フイルム,担う,設計,および
精密・医療機器,222,217,192,160,136,112,94,89,78,77,73,60,55,51,50,47,47,41,38,36,35,31,30,30,26,26,26,25,24,24,20,20,19,19,19,19,18,18,17,17,17,16,16,15,15,15,14,14,14,14,14,14,14,13,13,13,12,12,12,12,12,12,12,12,11,11,11,11,11,11,11,11,10,10,10,10,10,10,10,9,9,9,9,9,9,9,9,9,9,9,9,9,8,8,8,8,8,8,8,8,8,8,8,8,8,8,7,7,7,7,7,7,7,7,7,7,7,7,7,7,7,7,7,7,7,7,6,6,6,6,6,6,6,6,6,6,6,6,6,6,6,6,6,6,6,6,6,5,5,5,5,5,5,5,5,5,5,5,5,5,5,5,5,5,5,5,5,5,5,5,5,5,5,5,5,5,5,5,5,5,5,5,4,4,4,4,4,4,4,4,4,4,4,4,4,4,4,4,4,4,4,4,4,4,4,4,4,4,4,4,4,4,4,4,4,4,4,4,4,4,4,4,4,4,4,4,4,4,4,4,4,4,4,4,4,4,4,4,3,3,3,3,3,3,3,3,3,3,3,3,3,3,3,3,3,3,3,3,3,3,3,3,3,3,3,3,3,3,3,3,3,3,3,3,3,3,3,3,3,3,3,3,3,3,3,3,3,3,3,3,3,3,3,3,3,3,3,3,3,3,3,3,3,3,3,3,2,2,2,2,2,2,2,2,2,2,2,2,2,2,2,2,2,2,2,2,2,2,2,2,2,2,2,2,2,2,2,2,2,2,2,2,2,2,2,2,2,2,2,2,2,2,2,2,2,2,2,2,2,2,2,2,2,2,2,2,2,2,2,2,2,2,2,2,2,2,2,2,2,2,2,2,2,2,2,2,2,2,2,2,2,2,2,2,2,2,2,2,2,2,2,2,2,2,2,2,2,2,2,2,2,2,2,2,2,2,2,2,2,2,2,2,2,2,2,2,2,2,2,2,2,2,2,2,2,2,2,2,2,2,2,2,2,2,2,2,2,2,2,2,2,2,2,2,2,2,2,2,2,2,2,2,2,2,2,2,2,2,2,2,2,2,2,2,2,2,2,2,2,2,2,2,2,2,2,2,2,2,2,2,2,2,2,2,2,2,2,2,2,2,2,2,2,1,1,1,1,1,1,1,1,1,1,1,1,1,1,1,1,1,1,1,1,1,1,1,1,1,1,1,1,1,1,1,1,1,1,1,1,1,1,1,1,1,1,1,1,1,1,1,1,1,1,1,1,1,1,1,1,1,1,1,1,1,1,1,1,1,1,1,1,1,1,1,1,1,1,1,1,1,1,1,1,1,1,1,1,1,1,1,1,1,1,1,1,1,1,1,1,1,1,1,1,1,1,1,1,1,1,1,1,1,1,1,1,1,1,1,1,1,1,1,1,1,1,1,1,1,1,1,1,1,1,1,1,1,1,1,1,1,1,1,1,1,1,1,1,1,1,1,1,1,1,1,1,1,1,1,1,1,1,1,1,1,1,1,1,1,1,1,1,1,1,1,1,1,1,1,1,1,1,1,1,1,1,1,1,1,1,1,1,1,1,1,1,1,1,1,1,1,1,1,1,1,1,1,1,1,1,1,1,1,1,1,1,1,1,1,1,1,1,1,1,1,1,1,1,1,1,1,1,1,1,1,1,1,1,1,1,1,1,1,1,1,1,1,1,1,1,1,1,1,1,1,1,1,1,1,1,1,1,1,1,1,1,1,1,1,1,1,1,1,1,1,1,1,1,1,1,1,1,1,1,1,1,1,1,1,1,1,1,1,1,1,1,1,1,1,1,1,1,1,1,1,1,1,1,1,1,1,1,1,1,1,1,1,1,1,1,1,1,1,1,1,1,1,1,1,1,1,1,1,1,1,1,1,1,1,1,1,1,1,1,1,1,1,1,1,1,1,1,1,1,1,1,1,1,1,1,1,1,1,1,1,1,1,1,1,1,1,1,1,1,1,1,1,1,1,1,1,1,1,1,1,1,1,1,1,1,1,1,1,1,1,1,1,1,1,1,1,1,1,1,1,1,1,1,1,1,1,1,1,1,1,1,1,1,1,1,1,1,1,1,1,1,1,1,1,1,1,1,1,1,1,1,1,1,1,1,1,1,1,1,1,1,1,1,1,1,1,1,1,1,1,1,1,1,1,1,1,1,1,1,1,1,1,1,1,1,1,1,1,1,1,1,1,1,1,1,1,1,1,1,1,1,1,1,1,1,1,1,1,1,1,1,1,1,1,1,1,1,1,1,1,1,1,1,1,1,1,1,1,1,1,1,1,1,1,1,1,1,1,1,1,1,1,1,1,1,1,1,1,1,1,1,1,1,1,1,1,1,1,1,1,1,1,1,1,1,1,1,1,1,1,1,1,1,1,1,1,1,1,1,1,1,1,1,1,1,1,1,1,1,1,1,1,1,1,1,1,1,1,1,1,1,1,1,1,1,1,1,1,1,1,1,1,1,1,1,1,1,1,1,1,1,1,1
 
gyoukai,、,の,を,。,に,て,*,ます,し,は,が,「,で,」,と,　,た,保険,い,"",な,・,する,生命,も,"",です,共済,）,（,として,日本,会社,JA,や,人,こと,年,事業,から,〜,:,ご,的,−,中,.,/,／,挑戦,へ,経営,この,お客様,日,損害,契約,当社,保障,お客,グループ,総合,コース,業界,★,化,さま,",",社会,その,企業,まし,成長,地域,ある,環境,たい,海上,＝,戦略,社員,1,】,サービス,【,月,あり,兆,10,円,財,セミナー,さ,全国,そして,5,受付,いき,発展,ため,販売,よう,採用,商品,職員,き,いる,お,方,展開,続け,東京,仕事,資産,運用,力,ください,より,高,新た,世界,なく,提供,■,時代,エントリー,たち,億,3,経済,おり,できる,損保,万,という,使命,私,など,人々,カンパニー,一,市場,00,リーディング,自分,個性,リスク,業務,新しい,変化,向け,られ,いく,人生,シート,いただき,リード,共済連,実現,いただい,☆,開発,れ,単願,あんしん,営業,人事,20,三井,また,住友,目指し,考え,大きな,保有,１,ながら,マイ,ページ,進め,せ,感動,窓口,詳細,豊か,部門,いたし,対応,活動,最大,国内,皆さま,中心,常に,今後,マイナビ,拡大,40,約,あい,以来,影響,◇,といった,とともに,多様,ニーズ,生み出す,幅広い,想い,セクション,※,企画,こそ,規模,だけ,応じ,品質,不動産,全体,長期,守る,“,思い,ない,”,総,現在,://,14,実施,第,安全,等,スケジュール,競争,大切,者,被災,により,込め,大きく,掛金,活かし,金融,海外,予約,各地,積極,領域,12,自由,社,2,チーム,精神,年間,部,！,お待ち,社風,困っ,において,新,感,額,＞,支える,＜,３月,にて,求め,件,３,ＭＳＩ,17,加入,２,：,本位,基づき,与え,ネットワーク,性,全域,生活,制度,勤務,地,締切り,あわせ,9,水,だからこそ,会場,スペシャリスト,経理,全,就活,外国,可能,イベント,15,熊本,火,!!,編,木,働き,本部,ＪＡ,投資,これから,相当,是非,だ,ならでは,興亜,ジャパン,発揮,強化,米国,合計,存在,立場,案内,目指す,たくさん,応募,グローバル,身近,13,４月,にとって,買収,設立,ご覧,共同,http,ライフ,リーダー,出資,さまざま,現地,魅力,www,他,アジア,取り組み,それぞれ,-,における,限定,チャレンジ,なり,スタート,それ,2015,飛躍,組織,株式会社,メッセージ,地震,多種,伝統,一人ひとり,心,意欲,4,万が一,際,金,について,下記,通り,み,か,*************************,〇,学生,信頼,取り巻く,期待,選考,一番,なか,安心,以上,誕生,明治,安田,7,=,index,同時に,a,キャラクター,jp,像,ところ,含め,求める,第一生命,証券,株式,全般,重要,同社,世界中,開始,めざす,価値,暮らし,視野,ビジネス,カ所,もと,取引,財務,執事,本,融資,開業,ば,提案,先,団体,人材,取組み,続ける,評価,ほど,業,を通じて,資源,コンセプト,フィールド,加速,みなさん,高度,行い,持っ,多岐,料,行動,分野,(,創造,特徴,チャネル,高い,貢献,ほけん,やりがい,実感,びと,)」,発生,銀行,かつ,あっ,基盤,日動,名,風土,架け橋,個人,リーテイル,尽くし,来店,型,店舗,ニッセイライフプラザ,を通して,つつ,マネジメント,上記,通し,頂点,声,JAPAN,LEAD,日本生命,練り上げ,厳しい,ホール,セール,大手,官公庁,見つめ,年金,合わせ,カスタマイズ,甘んじる,要望,地位,超え,131,苗木,植え,にわたる,取り扱い,コンサルティング,187,森,基づい,ニッセイ,目,62,22,植樹,のぼる,進める,にわたって,確実,還元,による,CSR,に関する,立案,返し,債券,地球,各,実際,手,紙,使う,こちら,確認,ホント,願っ,6,https,切に,job,mynavi,復興,早い,pc,corpmypage,displayIntroduceCorp,願う,?,corpId,Page,My,&,optCmIntroPosn,ホームページ,本社,ビル,DN,タワー,21,初,相互,別途,110,考慮,渡り,状況,主義,理念,守り,期限,送り出し,対象,少子,高齢,受け,見直し,構造,加え,垣根,越え,行う,厳しく,なっ,今回,約束,安定,申しあげ,2010,見舞い,柔軟,取り,得る,地方,九州,変更,所,一部,上場,度,水準,歩み,トップ,2013,ミッション,生涯,パートナー,By,your,side,カ国,for,life,制定,含む,各社,42,取り組ん,南米,欧州,人口,増加,見込ま,れる,向き合っ,法人,新設,直面,行っ,2006,タイ,オーシャン,現代,協定,締結,2007,初めて,ベトナム,同年,激動,インド,国有,中核,によって,スター,ユニオン,屈指,2008,オーストラリア,一同,手法,お知らせ,プロテクティブ,完全,子会社,進出,さらに,伴い,ニューヨーク,シンガポール,統括,極,体制,管理,支援,態勢,ID,図っ,職,アクチュアリー,志望,申込み,!!★　,後日,次,締切,受け付け,Ｓｅｓｓｉｏｎ,Ｔａｌｋ,SUMISEI,EXPO,女性,昨年,700,来場,留学生,＋,番人,会える,併願,あげ,先着,順,ので,早め,申し込み,エリア,中部,関西,４,圏,首都,希望,55,取得,25,大阪,認可,ミャンマー,＊,その他,各種,情報,URL,キャノピアス,べく,達成,sumisei,収益,saiyou,com,seminar,html,アドバイス,いただけ,変遷,機敏,反応,課題,向かっ,時点,どんな,困難,屈する,真正面,立ち向かう,月末,住友生命,進化,進取,不屈,しっかり,受け継い,未来,さらなる,果たし,歴史,築き,あげる,胸,産業,視点,真,最高,資する,薦め,国内外,マーケット,創り,2014,プログラム,計,たっ,他社,違い,創り出し,ますます,激化,健康,まさに,核,目標,勝ち,残り,最,No,日本一,収入,ブランド,推進,それら,ダイナミック,生み出し,果敢,後押し,に対して,渡っ,役職,員,参画,プロジェクト,人的,増大,認識,すれ,備え,向上,観点,しれ,呼称,リンク,重視,一つ,政策,働く,に対し,かも,起こる,プロフェッショナル,定義,限り,支え,打ち勝つ,明日,あふれ,活力,づくり,力強く,『,異なり,光る,』,点,助け合う,とき,つかみ,就職,思っ,長い,感じ,過ごす,参加,横並び,人任せ,自ら,切り,拓い,ぜひ,つながり,甲斐,別,担当,内容,選ぶ,多く,チャンス,人物,高く,運営,名称,非常,透明,関わる,担う,ひと,いえ,くるま,つまり,両方,兼ね,もらえ,件数,124,任せ,建物,更生,052,自動車,835,農家,一般,数多く,責任,54,782,られる,意見,国家,予算,半分,関係,うち,50,金額,国債,有数,機関,家,年次,入社,281,919,発言,ず,指折り,関わら,71,闊達,トップクラス,ただいま,180,共通,払い込ん,いただく,お金,言う,託さ,全て,いつ,History,活かす,ほか,なる,New,支払,750,再建,どれ,役立て,いただける,Create,奉仕,目的,すべて,数,8,300,方々,どこ,でも,相談,構築,最も,これら,数字,Company,Good,応え,抱き,境界,線,ワーク,興味,持ち,誠に,ありがとう,ござい,公式,HP,登録,願い,tmn,anshin,co,recruit,2016,Make,ヒツジ,ぬ,変わら,セエメエ,コンシェルジュ,先進,親しみ,やすい,テーマ,生まれ,ビジョン,おかしい,人間,掲げ,1996,瞬間,徹底的,こだわり,革新,次々,これ,まで,常識,代表,生損保,一体,届け,今,考,動,姿勢,有する,19,まだ,若く,個々,直結,複雑,様々,活躍,機会,原動力,活性,上司,部下,互いに,巨大,向き合い,働きかけ,合い,共感,上,取り囲む,強み,何,お守り,強い,職業,意識,携わる,近代,通じ,仕組み,国,呼ん,いれ,創業,いい,相手,立っ,文化,できあがる,もの,お互い,家族,助け,あう,学び,1879,教え,励まし,褒め,誠実,一緒,ませ,ん
生保・損保,193,176,148,121,108,89,72,70,65,63,55,51,51,49,48,38,38,38,34,30,30,27,26,22,22,20,19,18,17,17,16,16,16,16,15,15,15,14,14,14,14,14,13,13,12,12,12,11,11,11,11,11,10,10,10,10,10,10,10,9,9,9,9,9,9,9,9,9,9,9,9,9,9,9,9,8,8,8,8,8,8,8,8,8,8,8,7,7,7,7,7,7,7,7,7,7,7,7,7,7,7,6,6,6,6,6,6,6,6,6,6,6,6,6,6,6,6,6,6,6,6,6,6,6,6,6,6,5,5,5,5,5,5,5,5,5,5,5,5,5,5,5,5,5,5,5,5,5,5,5,5,5,5,4,4,4,4,4,4,4,4,4,4,4,4,4,4,4,4,4,4,4,4,4,4,4,4,4,4,4,4,4,4,4,4,4,4,4,4,4,4,4,4,4,4,4,4,3,3,3,3,3,3,3,3,3,3,3,3,3,3,3,3,3,3,3,3,3,3,3,3,3,3,3,3,3,3,3,3,3,3,3,3,3,3,3,3,3,3,3,3,3,3,3,3,3,3,3,3,3,3,3,3,3,3,3,3,3,3,3,3,3,3,3,3,3,3,3,3,3,3,3,3,3,3,3,3,3,3,3,2,2,2,2,2,2,2,2,2,2,2,2,2,2,2,2,2,2,2,2,2,2,2,2,2,2,2,2,2,2,2,2,2,2,2,2,2,2,2,2,2,2,2,2,2,2,2,2,2,2,2,2,2,2,2,2,2,2,2,2,2,2,2,2,2,2,2,2,2,2,2,2,2,2,2,2,2,2,2,2,2,2,2,2,2,2,2,2,2,2,2,2,2,2,2,2,2,2,2,2,2,2,2,2,2,2,2,2,2,2,2,2,2,2,2,2,2,2,2,2,2,2,2,2,2,2,2,2,2,2,2,2,2,2,2,2,2,2,2,2,2,2,2,2,2,2,2,2,2,2,2,2,2,2,2,2,2,2,2,2,2,2,2,2,2,2,2,2,2,2,2,2,2,2,2,2,2,2,2,2,2,2,2,2,2,1,1,1,1,1,1,1,1,1,1,1,1,1,1,1,1,1,1,1,1,1,1,1,1,1,1,1,1,1,1,1,1,1,1,1,1,1,1,1,1,1,1,1,1,1,1,1,1,1,1,1,1,1,1,1,1,1,1,1,1,1,1,1,1,1,1,1,1,1,1,1,1,1,1,1,1,1,1,1,1,1,1,1,1,1,1,1,1,1,1,1,1,1,1,1,1,1,1,1,1,1,1,1,1,1,1,1,1,1,1,1,1,1,1,1,1,1,1,1,1,1,1,1,1,1,1,1,1,1,1,1,1,1,1,1,1,1,1,1,1,1,1,1,1,1,1,1,1,1,1,1,1,1,1,1,1,1,1,1,1,1,1,1,1,1,1,1,1,1,1,1,1,1,1,1,1,1,1,1,1,1,1,1,1,1,1,1,1,1,1,1,1,1,1,1,1,1,1,1,1,1,1,1,1,1,1,1,1,1,1,1,1,1,1,1,1,1,1,1,1,1,1,1,1,1,1,1,1,1,1,1,1,1,1,1,1,1,1,1,1,1,1,1,1,1,1,1,1,1,1,1,1,1,1,1,1,1,1,1,1,1,1,1,1,1,1,1,1,1,1,1,1,1,1,1,1,1,1,1,1,1,1,1,1,1,1,1,1,1,1,1,1,1,1,1,1,1,1,1,1,1,1,1,1,1,1,1,1,1,1,1,1,1,1,1,1,1,1,1,1,1,1,1,1,1,1,1,1,1,1,1,1,1,1,1,1,1,1,1,1,1,1,1,1,1,1,1,1,1,1,1,1,1,1,1,1,1,1,1,1,1,1,1,1,1,1,1,1,1,1,1,1,1,1,1,1,1,1,1,1,1,1,1,1,1,1,1,1,1,1,1,1,1,1,1,1,1,1,1,1,1,1,1,1,1,1,1,1,1,1,1,1,1,1,1,1,1,1,1,1,1,1,1,1,1,1,1,1,1,1,1,1,1,1,1,1,1,1,1,1,1,1,1,1,1,1,1,1,1,1,1,1,1,1,1,1,1,1,1,1,1,1,1,1,1,1,1,1,1,1,1,1,1,1,1,1,1,1,1,1,1,1,1,1,1,1,1,1,1,1,1,1,1,1,1,1,1,1,1,1,1,1,1,1,1,1,1,1,1,1,1,1,1,1,1,1,1,1,1,1,1,1,1,1,1,1,1,1,1,1,1,1,1,1,1,1,1,1,1,1,1,1,1,1,1,1,1,1,1,1,1,1,1,1,1,1,1,1,1,1,1,1,1,1,1,1,1,1,1,1,1,1,1
 
gyoukai,の,、,を,。,に,て,は,ます,し,で,た,が,-,と,　,」,「,も,・,な,"",い,や,まし,です,さ,する,年,（,）,いる,ご,文具,へ,月,技術,力,.,"",当社,き,日,として,採用,れ,こと,：,ため,新しい,製品,おり,など,その,エントリー,3,開発,【,商品,いく,事業,あり,】,的,■,できる,説明,私,書く,／,会社,！,せ,“,お,筆記具,”,ん,ぺんてる,会,描く,社員,店,世界,ませ,デザイン,/,もの,から,担当,デジタル,仕事,皆さま,海外,なり,続け,ある,00,いたし,企業,消しゴム,常に,たち,達,方,今,ござい,1,分野,まで,文化,より,(,〜,画材,お待ち,2016,★,発売,日本,4,中,歴史,ブランド,選考,ありがとう,だけ,という,キング,株式会社,お客様,多く,メーカー,なく,開催,生み出し,人材,れる,において,いき,販売,変化,キャンパス,また,ステーショナリー,づくり,プラスチック,案内,現在,みなさん,＞,＜,応募,そして,拡大,等,者,30,2,市場,教育,創業,ください,トンボ鉛筆,業界,人,研究,今後,製造,印刷,創造,日時,目標,について,キングジム,営業,化,制度,間,先,和,責任,水,ビジネス,価値,考え,代理,なっ,jp,鉛筆,創立,ジム,消費,よう,co,性,ず,姿,連絡,求め,られる,変え,育成,活躍,それ,チャレンジ,一,書類,これ,10,フィールド,新卒,か,誇る,火,持つ,挑戦,立ち,発展,提供,時代,ファイル,ない,17,この,モノ,心,職場,支援,社会,新た,以上,生活,本,こんにちは,を通じて,観,と共に,ページ,普及,※,たら,オフィス,後,自分,電子,情報,予定,字,愛さ,内,大きく,場所,多様,ノウハウ,迎え,知識,必要,領域,頂き,貢献,ボールペン,による,なる,企画,面,5,柔軟,70,こうした,広く,フィル,締め切り,サービス,用品,20,専門,年度,入れ,生かし,ば,あっ,いただい,理系,可能,返事,箱,●,対応,成長,www,ご覧,会い,://,アクセス,カード,http,工場,広がっ,人々,ホームページ,↓,号,生産,いただく,登録,総合,2017,マーケット,締切,求める,印刷物,タッチアンドフロー,FLOW,6,よろず,&,TOUCH,られ,IC,取り扱っ,楽しみ,こそ,会場,いただき,マイページ,ので,配信,IT,幅広い,119,理念,強み,取り組ん,あるいは,道具,長年,活かし,作っ,軸,足,置い,大切,身近,品,場合,関,お越し,例えば,回,第,26,申し上げ,業,展開,産業,被災,水性,により,蓄積,式,融合,期,高度,感性,でし,ここ,青山,部門,みなさま,さらに,つくる,仲間,ゼブラ,自社,でき,弊社,なら,他社,40,油性,上げ,生まれ,通し,マーカー,ロングセラー,研修,マッキー,位置,新,約,高い,歩ん,とともに,今年,以来,発揮,品質,取引,周年,業務,社長,和田,もちろん,つくっ,一方,金,深い,関係,届け,店舗,精神,受講,ほとんど,目,充実,を通して,奨励,特色,通信,社内,構築,新入,先輩,順次,寄せ,別,職種,部,若い,職,個,こんな,創り,たい,人事,ほしい,自立,彼ら,総務,ポイント,22,歩み,相談,変わり,室,そんな,進出,に対する,のみ,さまざま,応用,),木,系,文系,ながら,)、,姿勢,う,とどまら,入社,拠点,対話,手,率,タイプ,以外,)　,学内,満ち,環境,変わっ,下記,活用,トップクラス,DNP,これから,そう,あなた,12,14,16,ヒット,次々,新規,1969,"""",世の中,学習,度,発想,向け,原点,誠に,我が国,未来,最近,年代,マーキングペン,フォン,表示,スマート,パッケージ,ラベル,多彩,テプラ,経済,消し,定着,消,実績,試験,『,評価,知的,調べ,』,2015,活動,皆さん,経営,もと,％,シェア,マイ,全て,消す,つめ,貼る,つ,recruit,会員,存在,マイナビ,強,いち,柱,絶対,席巻,スタイル,ファイリング,数々,覆す,60,常識,持っ,FBA,協会,独創,創り出す,モノマネ,延べ,億,冊,DNA,日常,使う,習慣,多い,50,特徴,矢野,やすく,研究所,ユニーク,形,いい,バリエーション,によって,持ち物,名前,浴び,駅,メッセージ,実に,注目,近年,使わ,コミュニケーション,未開,開拓,卒,個人,画面,特に,坂巻,メモ,ポメラ,筆頭,名刺,ホルダー,ピット,レック,連携,ショット,ノート,子,概念,香菜,期待,つなげ,広げ,出会い,素晴らしい,移転,失い,意欲,好奇,に対して,OEM,注力,稼働,動かす,アップ,利益,向上,まずは,アプローチ,加速,心配,国,同時に,受け入れ,くる,機会,増え,事,でしょ,素直,みよ,とどまり,雑貨,Toffy,トフィー,やっ,上げる,積極,飛び込ん,置き,とにかく,未着,いらっしゃい,お手数,問合せ,意見,異なる,受け止め,立場,24,当事者,変わる,止める,原動力,-------------------------,思い,熱い,組織,代,関心,担い手,変革,皆様,ところ,見据え,進行,培っ,斬新,なかっ,切り口,プロダクト,魅力,製,外国,語る,国内,オープン,銀座,プラザ,節目,東急,月末,続き,一昨年,体験,世紀,うち,役割,触れる,そうした,変わら,通じ,店員,背景,作り,続ける,どう,べき,体制,刷新,ストーリー,再考,試み,同店,自ら,問い,共に,答え,出す,カテゴリー,様々,戦後,物資,不足,統一,最初,扱っ,子ども,くれよ,ステーショナリーショップ,大人,コンセプト,例,ノック,具体,シャープペンシル,転換,変える,そのもの,ペン,修正,液,サインペン,後発,だ,しかし,パソコン,どの,家庭,主眼,少子化,手伝っ,風景,つつ,いくつ,失わ,かも,しれ,変われ,たとえば,今や,タッチパネル,カンパニー,端末,化粧,型,提案,つまり,何,ライフスタイル,＝,考え方,生まれ変わり,ミドリ,表現,立ち返っ,進める,前,集め,前向き,捉え,再び,人気,屋,7,21,販社,グローバル,数,群,抜く,ラインナップ,興奮,感動,成し遂げる,殻,破る,代表,取締役,優,つなぐ,Store,迎える,General,取扱っ,紙,インキ,出版,Cultural,商業,交通,SITE,T,各種,取っ,湘南,にて,書籍,制作,最終,マーケティング,本日,提出,シート,アイディア,WEB,創り出せる,現状,満足,課題,追加,見つけ出し,主体,行動,お祈り,心から,一体,健康,共同印刷,長い,伝統,復旧,工業,早い,美術,暮らし,豊か,地,進化,あらゆる,g,saiyou,@,積み重ね,取り巻く,経験,designphil,多種,一報,難しい,って,通り,駆使,マルチメディア,見舞い,RFID,ソリューション,家族,資材,利用,機能,材料,合理,推進,FA,システム,シームレス,結びつけ,地震,豊富,アイデア,熊本,ゼロ,面白,ら,たび,携わる,チャンス,デザインフィル,超え,誰,一緒,方針,夢,具現,プログラム,とき,各地,お送り,満席,キャンセル,待ち,併せ,良い,Ｈ,Ｐ,都合,zebra,index,html,導入,合わせ,その間,経過,決まっ,期間,受け,イントラネット,継続,ネットワークラーニング,鮮度,独自,認知,グループ,110,超える,専業,にわたって,当,大きな,愛用,はじめ,つける,高,ばかり,身,スキル,援助,半額,信頼,料,築い,時,店頭,修了,感じ,取得,やりがい,つながっ,資格,むかっ,一致,団結,基本,バリュー,結び,つき,啓発,ケ月,配属,単位,ＯＪＴ,覚え,過程,上司,自己,人間,築け,サポート,階層,もっ,任せ,それぞれ,職務,早期,自律,掲げ,若者,新鮮,だり,額,大きい,たり,ケース,少なく,任せる,ぐるみ,育てる,源泉,ユーザー,目線,まず,相手,視点,立てる,設置,伸ばす,能力,先駆け,開設,でも,声,毎日,メール,全社,ほか,毎月,１,幹部,会議,場,必ず,カスタマーボイス,公開,共有,将来,絞り込む,迅速,目指し,すでに,北米,中米,アジア,ヨーロッパ,国々,地域,同様,現地,ネットワーク,共感,戦略,メンバー,協調,持ち,上,若手,’,成果,頂い,切り開く,31,大日本印刷,)】,合格,名古屋,活発,saiyo,ウィンク,あ,圧倒的,東京,25,dnp,本社,・・・・・・・・・・・・・・・・・・・・・・・・・,開始,改めて,致し,こちら,出展,全,学生,限定,東京農工大学,小金井,最新,カタチ,13,ひらめき,18,明治大学,生田,トッパン,45,東邦大学,習志野,応える,技,愛知工業大学,八草,9,立教大学,池袋,15,知,よく,消える,彩り,青,白黒,ストライプ,ニーズ,MONO,ロゴ,スタンダード,史,1913,限界,2013,100,前史,含む,131,年間,高級,そこ,旺盛,需要,応え,明治,大正,英語,理数,欧米,あれ,基礎,機械,建設,設計,施工,欠か,役立つ,高まり,1950,部材,一気に,進み,電池,インク,テクノロジー,法人,設立,ケミカル,図り,クラウン,トンボ,1958,ドライ,W,1961,いち早く,1960,高分子,化合,物,合成,樹脂,太陽,使用,軟質,状態,ゴム,主成分,部品,飲料,比べ,格段,優れ,お菓子,賞賛,一般,事務,用字,マークシート,方式,カタログ,ポスター,こん,ち,光学,マーク,読取,装置,OMR,前提,テスト,HB,指定,雑誌,!!,中心,詳細,/）,分析,スペシャル,ティー,≪,！≫●,103,歩む,toppan,イン,思想,お客,さま,躍る,発見,喜び,プライド,信条
印刷・事務機器関連,228,224,173,161,137,119,100,73,69,68,67,62,59,56,50,45,45,39,33,31,30,29,28,27,27,26,24,24,24,23,19,18,17,17,17,16,16,16,16,15,15,15,15,15,15,15,15,15,14,14,14,14,14,13,13,13,13,13,12,12,12,12,12,11,11,10,10,10,10,10,10,9,9,9,9,9,9,9,9,8,8,8,8,8,8,8,8,8,8,8,8,7,7,7,7,7,7,7,7,7,7,7,7,7,7,7,7,7,7,7,7,7,7,6,6,6,6,6,6,6,6,6,6,6,6,6,6,6,6,6,6,6,6,6,5,5,5,5,5,5,5,5,5,5,5,5,5,5,5,5,5,5,5,5,5,5,5,5,5,5,5,5,5,5,5,5,5,5,5,5,5,4,4,4,4,4,4,4,4,4,4,4,4,4,4,4,4,4,4,4,4,4,4,4,4,4,4,4,4,4,4,4,4,4,4,4,4,4,4,4,4,4,4,4,4,4,4,4,4,4,4,4,4,4,4,4,4,4,3,3,3,3,3,3,3,3,3,3,3,3,3,3,3,3,3,3,3,3,3,3,3,3,3,3,3,3,3,3,3,3,3,3,3,3,3,3,3,3,3,3,3,3,3,3,3,3,3,3,3,3,3,3,3,3,3,3,3,3,3,3,3,3,3,3,3,3,3,3,3,3,3,3,3,3,3,3,3,3,3,2,2,2,2,2,2,2,2,2,2,2,2,2,2,2,2,2,2,2,2,2,2,2,2,2,2,2,2,2,2,2,2,2,2,2,2,2,2,2,2,2,2,2,2,2,2,2,2,2,2,2,2,2,2,2,2,2,2,2,2,2,2,2,2,2,2,2,2,2,2,2,2,2,2,2,2,2,2,2,2,2,2,2,2,2,2,2,2,2,2,2,2,2,2,2,2,2,2,2,2,2,2,2,2,2,2,2,2,2,2,2,2,2,2,2,2,2,2,2,2,2,2,2,2,2,2,2,2,2,2,2,2,2,2,2,2,2,2,2,2,2,2,2,2,2,2,2,2,2,2,2,2,2,2,2,2,2,2,2,2,2,2,2,2,2,2,2,2,2,2,2,2,2,2,2,2,2,2,2,2,2,2,2,2,2,2,2,2,2,2,2,2,2,2,2,2,2,2,2,2,2,2,2,2,2,2,2,2,2,2,2,2,2,2,2,2,2,2,2,2,2,2,2,2,2,2,1,1,1,1,1,1,1,1,1,1,1,1,1,1,1,1,1,1,1,1,1,1,1,1,1,1,1,1,1,1,1,1,1,1,1,1,1,1,1,1,1,1,1,1,1,1,1,1,1,1,1,1,1,1,1,1,1,1,1,1,1,1,1,1,1,1,1,1,1,1,1,1,1,1,1,1,1,1,1,1,1,1,1,1,1,1,1,1,1,1,1,1,1,1,1,1,1,1,1,1,1,1,1,1,1,1,1,1,1,1,1,1,1,1,1,1,1,1,1,1,1,1,1,1,1,1,1,1,1,1,1,1,1,1,1,1,1,1,1,1,1,1,1,1,1,1,1,1,1,1,1,1,1,1,1,1,1,1,1,1,1,1,1,1,1,1,1,1,1,1,1,1,1,1,1,1,1,1,1,1,1,1,1,1,1,1,1,1,1,1,1,1,1,1,1,1,1,1,1,1,1,1,1,1,1,1,1,1,1,1,1,1,1,1,1,1,1,1,1,1,1,1,1,1,1,1,1,1,1,1,1,1,1,1,1,1,1,1,1,1,1,1,1,1,1,1,1,1,1,1,1,1,1,1,1,1,1,1,1,1,1,1,1,1,1,1,1,1,1,1,1,1,1,1,1,1,1,1,1,1,1,1,1,1,1,1,1,1,1,1,1,1,1,1,1,1,1,1,1,1,1,1,1,1,1,1,1,1,1,1,1,1,1,1,1,1,1,1,1,1,1,1,1,1,1,1,1,1,1,1,1,1,1,1,1,1,1,1,1,1,1,1,1,1,1,1,1,1,1,1,1,1,1,1,1,1,1,1,1,1,1,1,1,1,1,1,1,1,1,1,1,1,1,1,1,1,1,1,1,1,1,1,1,1,1,1,1,1,1,1,1,1,1,1,1,1,1,1,1,1,1,1,1,1,1,1,1,1,1,1,1,1,1,1,1,1,1,1,1,1,1,1,1,1,1,1,1,1,1,1,1,1,1,1,1,1,1,1,1,1,1,1,1,1,1,1,1,1,1,1,1,1,1,1,1,1,1,1,1,1,1,1,1,1,1,1,1,1,1,1,1,1,1,1,1,1,1,1,1,1,1,1,1,1,1,1,1,1,1,1,1,1,1,1,1,1,1,1,1,1,1,1,1,1,1,1,1,1,1,1,1,1,1,1,1,1,1,1,1,1,1,1,1,1,1,1,1,1,1,1,1,1,1,1,1,1,1,1,1,1,1,1,1,1,1,1,1,1,1,1,1,1,1,1,1,1,1,1,1,1,1,1,1,1,1,1,1,1,1,1,1,1,1,1,1,1,1,1,1,1,1,1,1,1,1,1,1,1,1,1,1,1,1,1,1,1,1,1,1,1,1,1,1,1,1,1,1,1,1,1,1,1,1,1,1,1,1,1,1,1,1,1,1,1,1,1,1,1,1,1,1,1,1,1,1,1,1,1,1,1,1,1,1,1,1,1,1,1,1,1,1,1,1,1
 
gyoukai,、,の,を,。,に,て,は,「,」,し,ます,で,が,な,と,"",た,・,-,い,や,こと,"",採用,　,たち,世界,です,事業,する,も,から,）,（,.,私,！,さ,ビジネス,ご,という,まし,として,その,人,お,日,日本,必要,など,まで,ある,たい,力,エントリー,よう,/,子ども,━,機能,この,総合,情報,年度,ミキハウス,へ,商品,おり,０,様,双,商社,いる,ホームページ,当社,にて,サービス,成長,ない,ブランド,経営,新卒,チーム,社会,３,グループ,せ,いき,ため,志,全国,皆さん,き,あり,ませ,),年,ん,計画,クオリティ,温度,方,流通,自ら,帯,高い,アクセス,://,食,http,ロジスティクス,1,株,食品,そして,的,より,想い,2017,三菱商事,3,(,いく,◆,形,楽しみ,職,三井物産,だけ,社員,仕事,人事,実現,部,続け,インフラ,com,生活,ください,分野,軸,新た,において,といった,皆様,れ,展開,お知らせ,自分,豊田通商,全,セミナー,〜,生産,開発,開始,調達,資源,価値,下さい,卸,ながら,店舗,物流,会社,”,“,メーカー,なる,できる,次,伝え,挑み,持ち,ず,ば,強,一人ひとり,ハロッズ,さらに,中,センター,会い,下,なく,基本,情熱,企業,もの,業,出店,チャレンジ,現在,考え,金属,出来る,＠,みなさん,業務,これ,取引,拡大,投資,品,共鳴,／,産業,Deal,new,ので,活動,選考,領域,精神,丸紅,推進,Brand,中期,前,2014,提供,支え,最大,家族,多様,人材,活かし,上,被災,マーケティング,強み,スーパー,届け,www,豊か,？,強化,リスク,現場,なっ,グローバル,ネットワーク,サイト,※,MY,PAGE,お客様,また,興味,提案,是非,致し,若い,そう,について,販売,って,今後,月,体感,サポート,チルド,登録,方針,詳細,マイ,つき,個人,重要,役割,プレ,最適,動き,recruit,フローズン,ページ,ドライ,行っ,いただき,こんにちは,お子様,ずっと,いち早く,FA,管理,能力,コンビニ,もちろん,徹底,を通じて,創造,存在,小売,行動,発揮,手,チェーン,バリュー,東京,それぞれ,場,詰まっ,○,ファッション,地震,により,本社,大きな,それ,品質,国内,カ国,すべて,以上,場合,申し上げ,とともに,地,文化,ガス,構築,健康,世界中,一同,心,挑戦,受付,追求,参加,特長,国分,原料,鉄鋼,ニーズ,られ,等,安心,対応,良い,つ,ござい,たら,次世代,いたし,2012,問い合わせ,火,先,最高,saiyo,エネルギー,第,知恵,2,貿易,願っ,常に,化学,環境,気持ち,点,機械,カ年,jp,変化,果たし,頂き,そこ,様々,得意,外食,卸売,戦っ,と共に,取り扱い,何,総務,う,掲げ,アパレル,イギリス,生鮮,老舗,遠い,頂ける,服,みれ,いえる,配送,会,ただ,財務,説明,かも,拠点,百貨店,に関する,バランス,しれ,削る,考える,変え,積み重ね,持つ,武器,己,フロア,られる,困難,一,フィールド,伊藤忠商事,者,しか,身,食べ,か,本,込め,実感,つけ,重ねる,約束,努力,真摯,チャンス,失敗,恐れ,スピリット,個,磨い,乗り越え,どんな,入社,対象,凌ぎ,担当,プロフェッショナル,幾多,甘く,ほど,公開,多数,自社,主催,通用,いけ,企画,まずは,拓い,切り,未来,国,べき,働く,あなた,だろ,そんな,室,待っ,タフ,日々,なか,トレンド,経済,メッセージ,marubeni,@,：,遠慮なく,個別,6,不明,参り,学生,受け,影響,今般,非鉄,製品,お祈り,視点,復旧,電力,早い,水,鉄道,船舶,海洋,一刻,欠か,見舞い,材料,心から,石油,天然,扱う,及び,医療,度,製紙,不動産,消費,身近,目指し,未知,果敢,切り開く,貢献,これから,横,ばかり,重んじ,働かせる,縦,活躍,広範囲,広がっ,実際,―,つまり,モノ,誕生,形づくら,人々,工夫,渡っ,後,シーン,創意,大きく,分ける,ファイナンス,性,マネジメント,IT,プロセス,5,先見,これら,有機,組み合わせる,位置づけ,資産,最も,備える,健全,追い求め,sumitomocorp,recruiting,最先端,れる,変革,活発,主体,ご覧,⇒　,toyota,tsusho,とらえ,当,将来,ボタン,≪,市場,≫,お願い,コーディネート,HP,内,結び,同士,自動,組み合わせ,再度,いただく,異なる,実行,策,解決,最善,━━━━━━━━━━　☆★☆　,　☆★☆　━━━━━━━━━━,全般,にわたる,図っ,向上,通じ,組織,確認,とり,━━━━━━━━━━━━━━━━━━━━━━━━━,付加,融合,金融,広がる,幅広い,トヨタ,唯一,豊富,および,海外,60,得る,最前線,およぶ,900,社,超える,安定,構想,自動車,限ら,さまざま,創出,ウェイ,原則,現地,現物,現実,仕組み,基,真,着目,商魂,胸,不屈,パワー,強い,シーズ,卒,抱える,顧客,マイナビ,就職,EXPO,出展,本質,わたり,８,多岐,創る,ベルサール,渋谷,ガーデン,１,５,福岡,ヤフオク,ドーム,２,つぎ,ビッグ,　⇒,job,mynavi,共に,conts,event,expo,index,html,加わっ,輪,生業,６,万,余,数える,ぜひ,品数,くる,集まっ,同志,新しい,オリジナル,育ち,経験,乗り越えれ,それら,特徴,ひとつ,仲間,同じく,地域,密着,集い,事,応え,問題,時,ちゃんと,願う,欲しい,す,あっ,カンパニー,時代,都度,世代,進化,だから,食生活,側,馳せる,思い,ところ,中旬,各地,開催,違い,空間,なに,時間,パーソン,どの,ここ,雰囲気,こんな,質問,答え,今,支える,予約,育つ,業界,を通して,sojitz,/※,その他,概要,作り,掲載,課,いただい,順に,重心,Challenge,Seminar,案内,低,研究,進め,お待ち,▼,▽,------------------------　,mikihouse,co,-----------------------△▲,遵守,王室,御用達,規律,取れ,収益,日系,せる,初,発展,継承,規模,攻め,ベビー,目指す,姿,愛する,共通,だからこそ,45,大阪,始まっ,約,130,策定,ほか,11,48,2015,10,向け,2013,更,歩,初めて,引継ぎ,ラグジュアリーブランド,軒,連ね,面積,売上,共,No,他,追随,許さ,際立っ,防ぐ,毎日,元気,過ごせる,思い出,残る,枚,選べる,稼ぐ,着け,健やか,過ごし,くれ,2011,づくり,創業,当時,変わら,こだわり,デザイン,敏感,肌,適する,厳選,素材,やすい,カッティング,縫製,細部,忠,たくさん,ショップ,立つ,アドバイザー,伊藤,によって,知識,伝える,しっかり,お話,伺い,み,愛情,汲み取っ,寄り添い,合わせ,その後,一つひとつ,二つ,土台,ただ今,実施,聞い,４月,締め切ら,多彩,揃う,乾物,乾麺,ルーム,話,でも,少し,感じる,社風,持ち合わせ,気概,届く,美味し,スローガン,負け,絶対,対,誰,供給,集まり,続ける,絞り,常温,冷蔵,冷凍,裁量,良く,各自,架け橋,任せ,ロー,コスト,ハイレベル,合併,どんどん,水産,農産,畜産,取扱い,可能,なり,売場,のみ,なら,惣菜,メニュー,行う,更に,広げ,二,基幹,位置付け,先様,共同,風土,闊達,運営,PL,自由,請け負う,営業,両方,指し,店頭,全体,化,＋,α,アイデア,センス,持っ,＝,財,原動力,食卓,もっと,意欲,熱意,溢れ,一緒,盛り上げ,ましょ
総合商社・専門商社,204,168,136,112,98,80,66,61,61,51,50,47,38,35,33,28,26,26,25,24,23,21,20,20,18,18,18,18,17,17,17,15,15,15,14,14,13,13,13,11,11,11,11,10,10,10,10,9,9,9,9,9,9,9,9,9,9,9,8,8,8,8,8,8,8,8,7,7,7,7,7,7,7,7,7,7,7,7,7,6,6,6,6,6,6,6,6,6,6,6,6,6,6,6,5,5,5,5,5,5,5,5,5,5,5,5,5,5,5,5,5,5,5,5,5,5,5,5,5,5,5,5,5,5,4,4,4,4,4,4,4,4,4,4,4,4,4,4,4,4,4,4,4,4,4,4,4,4,4,4,4,4,4,4,4,4,4,4,4,4,4,4,4,4,4,4,4,4,4,4,3,3,3,3,3,3,3,3,3,3,3,3,3,3,3,3,3,3,3,3,3,3,3,3,3,3,3,3,3,3,3,3,3,3,3,3,3,3,3,3,3,3,3,3,3,3,3,3,3,3,3,3,3,3,3,3,3,3,3,3,3,3,3,3,3,3,3,3,3,3,3,3,3,3,3,3,3,3,3,3,3,3,2,2,2,2,2,2,2,2,2,2,2,2,2,2,2,2,2,2,2,2,2,2,2,2,2,2,2,2,2,2,2,2,2,2,2,2,2,2,2,2,2,2,2,2,2,2,2,2,2,2,2,2,2,2,2,2,2,2,2,2,2,2,2,2,2,2,2,2,2,2,2,2,2,2,2,2,2,2,2,2,2,2,2,2,2,2,2,2,2,2,2,2,2,2,2,2,2,2,2,2,2,2,2,2,2,2,2,2,2,2,2,2,2,2,2,2,2,2,2,2,2,2,2,2,2,2,2,2,2,2,2,2,2,2,2,2,2,2,2,2,2,2,2,2,2,2,2,2,2,2,2,2,2,2,2,2,2,2,2,2,2,2,2,2,2,2,1,1,1,1,1,1,1,1,1,1,1,1,1,1,1,1,1,1,1,1,1,1,1,1,1,1,1,1,1,1,1,1,1,1,1,1,1,1,1,1,1,1,1,1,1,1,1,1,1,1,1,1,1,1,1,1,1,1,1,1,1,1,1,1,1,1,1,1,1,1,1,1,1,1,1,1,1,1,1,1,1,1,1,1,1,1,1,1,1,1,1,1,1,1,1,1,1,1,1,1,1,1,1,1,1,1,1,1,1,1,1,1,1,1,1,1,1,1,1,1,1,1,1,1,1,1,1,1,1,1,1,1,1,1,1,1,1,1,1,1,1,1,1,1,1,1,1,1,1,1,1,1,1,1,1,1,1,1,1,1,1,1,1,1,1,1,1,1,1,1,1,1,1,1,1,1,1,1,1,1,1,1,1,1,1,1,1,1,1,1,1,1,1,1,1,1,1,1,1,1,1,1,1,1,1,1,1,1,1,1,1,1,1,1,1,1,1,1,1,1,1,1,1,1,1,1,1,1,1,1,1,1,1,1,1,1,1,1,1,1,1,1,1,1,1,1,1,1,1,1,1,1,1,1,1,1,1,1,1,1,1,1,1,1,1,1,1,1,1,1,1,1,1,1,1,1,1,1,1,1,1,1,1,1,1,1,1,1,1,1,1,1,1,1,1,1,1,1,1,1,1,1,1,1,1,1,1,1,1,1,1,1,1,1,1,1,1,1,1,1,1,1,1,1,1,1,1,1,1,1,1,1,1,1,1,1,1,1,1,1,1,1,1,1,1,1,1,1,1,1,1,1,1,1,1,1,1,1,1,1,1,1,1,1,1,1,1,1,1,1,1,1,1,1,1,1,1,1,1,1,1,1,1,1,1,1,1,1,1,1,1,1,1,1,1,1,1,1,1,1,1,1,1,1,1,1,1,1,1,1,1,1,1,1,1,1,1,1,1,1,1,1,1,1,1,1,1,1,1,1,1,1,1,1,1,1,1,1,1,1,1,1,1,1,1,1,1,1,1,1,1,1,1,1,1,1,1,1,1,1,1,1,1,1,1,1,1,1,1,1,1,1,1,1,1,1,1,1,1,1,1,1,1,1,1,1,1,1,1,1,1,1,1,1,1,1,1,1,1,1,1,1,1,1,1,1,1,1,1,1,1,1,1,1,1,1,1
 
gyoukai,、,の,を,。,に,て,は,で,し,ます,た,が,「,」,な,も,と,"",い,技術,世界,・,"",です,いる,する,など,ベアリング,機械,こと,や,さ,製品,れ,エントリー,ない,まし,！,ある,人,採用,という,へ,開発,◇,から,力,的,方,自動車,貢献,　,よう,◆,ご,として,環境,か,会社,き,まで,あり,グローバル,プロジェクト,私,機,コマツ,NTN,年,成長,仕事,働き,その,グループ,こんにちは,企業,分野,）,なく,可能,いたし,続け,化学,化,実現,夢,解決,試験,入社,商品,ん,■,(,日,もの,できる,思い,でき,使わ,4,いただき,提供,（,これ,いき,メーカー,IHI,自分,人事,2,ため,フッ素,展開,さらに,れる,たち,空調,評価,宇宙,関連,機器,生活,性,シェア,向け,システム,日本精工,多様,お願い,回転,興味,多く,),ませ,新卒,あなた,事業,以上,持っ,たり,また,発展,ください,説明,会,サービス,部,？,社員,あらゆる,たとえば,一人ひとり,なっ,そして,リーディング,カンパニー,用,電気,就職,以来,知っ,拡大,年度,エアコン,是非,みなさん,株,人材,日本,一,投資,目指し,ござい,ありがとう,担当,アクセス,案内,月,いただい,課題,水,せ,開始,上,一つ,マイナビ,5,せる,様々,新た,軸,売上,によって,3,EV,No,.,現場,インホイールモータ,1,持つ,そこ,者,ぜひ,新しい,策,今後,魅力,業界,結果,等,優れ,これら,仲間,ながら,特別,"""",建,One,自動,における,により,エンジニアリング,あっ,高度,ダントツ,を通じて,精機,遂行,致し,ガス,LNG,石油,お待ち,進化,おり,お客様,トップクラス,日揮,より,支え,供給,生産,新,スマート,EXPO,食料,度,2017,会場,日程,セミナー,なら,なる,ページ,出展,当社,クボタ,お,先輩,持ち,活動,どんな,若手,強い,たくさん,必要,たい,存在,安心,〜,られる,結集,推進,しっかり,考え,職場,強み,省エネ,入れ,摩擦,サポート,やりがい,基盤,総和,役割,ば,送り出し,制度,集め,充実,フィールド,注目,初,飛躍,40,主力,群,こうして,現在,ビジネス,千代田化工建設,産業,実は,楽しん,エネルギー,千代田,だけ,雰囲気,％,行う,チーム,感じ,販売,総合,なかっ,経営,メンバー,唯一,初めて,ね,最先端,エコ,弊社,プレ,社会,もっ,我々,活躍,全,］,［,人類,地球,ホームページ,動き,ニーズ,価値,豊か,さらなる,快適,構成,部品,ひとつ,培っ,未来,づくり,ホイール,人々,達成,しかし,試作,暮らし,取り組ん,ネットワーク,支える,挑み,8,極,体制,目標,カバー,大きな,構築,更,点,通過,達,2010,工業,誰,マネ,グローバルカンパニーダイキン,世の中,独自,先,先進,連絡,マイページ,受付,ダイキン工業,選定,冷媒,トータル,手がける,銘柄,インバータ,駆使,業務,パッケージ,国内,なでしこ,台数,2015,約,外部,維持,取組み,目指す,願い,マーケット,ダイキン,ほしい,送っ,両立,プライベート,取組ん,だ,パイオニア,すべて,働く,電池,性能,中,容量,耐久,長い,年間,定年,高める,樹脂,始め,太陽光,発電,半導体,フォン,タッチパネル,コーティング,材,選択肢,休業,勤務,化合,物,",",800,種類,在宅,多種,対応,確立,応じ,イベント,ライフ,躍進,背景,生き生き,介護,持てる,最大限,発揮,促し,育児,文化,例えば,根底,基軸,おく,無限,大,作り,信じ,競争,源泉,“,”,やすい,はじめ,根付い,ワークライフバランス,立場,考え方,観,いく,リーダー,任せ,上司,優先,まわる,多々,第,事,頂き,パートナー,熟知,決まり,次第,更新,予定,ので,ただ,おこし,生存,欠かす,今や,コンストラクション,通じ,安定,提案,工程,再生,創造,良い,関わり,直接,エンジニアリングコントラクター,建設,精製,不足,人手,ハイドロ,カーボン,医薬,ケミカル,非鉄,金属,至る,幅広い,出来る,において,80,ヵ国,万,件,およぶ,施工,精度,近年,同,熟練,初心者,卓越,マネジメント,ベース,電力,資源,制御,積極,知識,プロフェッショナル,集まり,それら,つと,常に,ICT,チャレンジ,先駆け,出会い,使っ,代表,時間,ともに,成功,失敗,分かち,合い,ダンプトラック,やり遂げ,とき,感,何,代え,がたい,走行,無人,ハイブリッド,Team,Spirit,しか,味わう,呼ん,お伝え,DMG,森,特徴,株式会社,スタート,追いつけ,皆様,数,他社,止め,場合,希望,応募,対象,名古屋,!!　,楽しみ,金,土,ポートメッセ,なごや,開催,お越し,会い,話,聞き,来,皆さん,来場,頑張っ,まずは,選考,大崎,本社,最後,って,困難,う,NSK,主,軸受,製造,でも,でしょ,ところ,なん,身の回り,驚く,ほど,あらわし,なり,概ね,100,頼り,150,個,使用,車,鉄道,飛行機,洗濯,冷蔵庫,掃除,コピー,パソコン,人工,衛星,世界中,組み込ま,高,機能,dreams,基本,your,減らす,動く,効率,高め,Realize,寿命,長く,故障,未然,防い,だり,メッセージ,担っ,もしも,一切,なけれ,コーポレート,車輪,ガタ,つい,ギア,噛み合わ,活かし,スムーズ,走ら,生み出さ,広い,認め,られ,空,海,1916,陸,誕生,長き,にわたり,数々,画期的,世に,今日,進出,ボールベアリング,数多く,実績,誇り,誇る,電動,パワー,ステアリング,裏打ち,航空,領域,といった,メカトロニクス,多彩,研究,エンジン,アメリカ,ヨーロッパ,アジア,中国,機軸,30,カ国,214,拠点,航空機,注い,これから,リード,続ける,試し,み,陸上,セクション,もたれ,情報,プロセス,設計,ユニット,玉川,プラント,行っ,橋梁,創業,当時,印象,でし,もちろん,股,駆け,所,一方,非常,厳しい,時,この,造船,一丸,乗り越え,いける,意識,1853,後,10,経っ,今,変わっ,おら,ず,感覚,間違っ,理念,確信,やはり,やら,いい,成果,上がり,毎,入れ替わり,顧客,社内,財産,始まる,飽きる,なんて,かつ,最大,こそ," ",省エネルギー,欠か,MRJ,精密,社名,はじめて,連結,海外,60,超え,程,いったい,どこ,どの,取り組み,文理,とも,多岐,渡る,職種,アンテナ,視野,ボタン,全く,追求,インホイールモータシステム,搭載,コンセプトカー,Q,',mo,場,融合,真横,方向,移動,ラクラク,操縦,身近,家電,医療,ロケット,ほとんど,機構,発想,とともに,受け,転,動体,それ,保持,器,磨く,たしか,材料,工学,専門,生み出す,まさに,結晶,ゼロ,滑らか,広く,まだまだ,広がっ,最近,特に,情熱,与える,モータ,内蔵,感動,トランス,ミッション,駆動,デザイン,自由,向上,つ,別々,動かす,従来,その他,複合,国内外,公道,実証,実験,進め,【,インタビュー,】,女性,工学科,卒,2008,実用,想い,幸福,に対して,いくつ,世代,想定,各,ずつ,次,三菱重工,予測,複雑,組み立,データ,とり,練る,一連,作業,繰り返し,求める,近づけ,目的,把握,出,考察,加え,積み重ね,自身,できれ,嬉しい
機械・プラント,176,166,136,103,93,86,68,58,55,55,45,41,35,35,34,33,29,28,27,25,22,22,20,20,17,17,16,16,15,15,14,14,14,13,12,12,11,11,10,10,10,10,10,10,10,9,9,9,9,9,9,9,8,8,8,8,8,8,7,7,7,7,7,7,7,7,7,7,7,7,6,6,6,6,6,6,6,6,6,6,6,6,6,5,5,5,5,5,5,5,5,5,5,5,5,5,5,5,5,5,5,5,5,5,5,5,5,5,4,4,4,4,4,4,4,4,4,4,4,4,4,4,4,4,4,4,4,4,4,4,4,4,4,4,4,4,4,4,4,4,4,4,4,4,4,4,4,4,3,3,3,3,3,3,3,3,3,3,3,3,3,3,3,3,3,3,3,3,3,3,3,3,3,3,3,3,3,3,3,3,3,3,3,3,3,3,3,3,3,3,3,3,3,3,3,3,3,3,3,3,3,3,3,3,3,3,3,3,3,3,3,3,2,2,2,2,2,2,2,2,2,2,2,2,2,2,2,2,2,2,2,2,2,2,2,2,2,2,2,2,2,2,2,2,2,2,2,2,2,2,2,2,2,2,2,2,2,2,2,2,2,2,2,2,2,2,2,2,2,2,2,2,2,2,2,2,2,2,2,2,2,2,2,2,2,2,2,2,2,2,2,2,2,2,2,2,2,2,2,2,2,2,2,2,2,2,2,2,2,2,2,2,2,2,2,2,2,2,2,2,2,2,2,2,2,2,2,2,2,2,2,2,2,2,2,2,2,2,2,2,2,2,2,2,2,2,2,2,2,2,2,2,2,2,2,2,1,1,1,1,1,1,1,1,1,1,1,1,1,1,1,1,1,1,1,1,1,1,1,1,1,1,1,1,1,1,1,1,1,1,1,1,1,1,1,1,1,1,1,1,1,1,1,1,1,1,1,1,1,1,1,1,1,1,1,1,1,1,1,1,1,1,1,1,1,1,1,1,1,1,1,1,1,1,1,1,1,1,1,1,1,1,1,1,1,1,1,1,1,1,1,1,1,1,1,1,1,1,1,1,1,1,1,1,1,1,1,1,1,1,1,1,1,1,1,1,1,1,1,1,1,1,1,1,1,1,1,1,1,1,1,1,1,1,1,1,1,1,1,1,1,1,1,1,1,1,1,1,1,1,1,1,1,1,1,1,1,1,1,1,1,1,1,1,1,1,1,1,1,1,1,1,1,1,1,1,1,1,1,1,1,1,1,1,1,1,1,1,1,1,1,1,1,1,1,1,1,1,1,1,1,1,1,1,1,1,1,1,1,1,1,1,1,1,1,1,1,1,1,1,1,1,1,1,1,1,1,1,1,1,1,1,1,1,1,1,1,1,1,1,1,1,1,1,1,1,1,1,1,1,1,1,1,1,1,1,1,1,1,1,1,1,1,1,1,1,1,1,1,1,1,1,1,1,1,1,1,1,1,1,1,1,1,1,1,1,1,1,1,1,1,1,1,1,1,1,1,1,1,1,1,1,1,1,1,1,1,1,1,1,1,1,1,1,1,1,1,1,1,1,1,1,1,1,1,1,1,1,1,1,1,1,1,1,1,1,1,1,1,1,1,1,1,1,1,1,1,1,1,1,1,1,1,1,1,1,1,1,1,1,1,1,1,1,1,1,1,1,1,1,1,1,1,1,1,1,1,1,1,1,1,1,1,1,1,1,1,1,1,1,1,1,1,1,1,1,1,1,1,1,1,1,1,1,1,1,1,1,1,1,1,1,1,1,1,1,1,1,1,1,1,1,1,1,1,1,1,1,1,1,1,1,1,1,1,1,1,1,1,1,1,1,1,1,1,1,1,1,1,1,1,1,1,1,1,1,1,1,1,1,1,1,1,1,1,1,1,1,1,1,1,1,1,1,1,1,1,1,1,1,1,1,1,1,1,1,1,1,1,1,1,1,1,1,1,1,1,1,1,1,1,1,1,1,1,1,1,1,1,1,1,1,1,1,1,1,1,1,1,1,1,1,1,1,1,1,1,1,1,1,1,1,1,1,1,1,1,1,1,1,1,1,1,1
 
gyoukai,の,、,を,。,に,て,し,は,ます,.,で,が,た,と,"",　,い,"",こと,「,」,も,する,∴,！,な,まし,ミズノ,です,・,や,スポーツ,開発,採用,エントリー,へ,グループ,グローバル,年,できる,世界,たち,いき,私,ゲーム,成長,担当,商品,その,創業,より,月,ない,日,ご,など,（,提供,サービス,バンダイ,お,いただける,き,）,という,ため,ある,として,企業,なる,まで,ください,是非,向け,1,シート,受付,海外,会社,ページ,いく,世界中,事業,さ,世の中,お客様,会,アシックス,一,感動,者,なり,いたし,あり,生み出し,この,環境,仕事,ませ,ん,おり,変化,エンタテインメント,4,今後,売上,ありがとう,3,新卒,☆,ござい,チャレンジ,説明,幅広い,市場,以来,新しい,進化,技術,製品,こだわり,ご覧,持ち,強み,持っ,中,なっ,欧米,展開,/,精神,2015,れる,ビジネス,による,度,こんにちは,用品,株式会社,づくり,人々,創造,WEB,社員,か,時代,化,更,でも,締切,もの,〜,アジア,現在,拡大,NO,だけ,なく,れ,：,比率,夢,たい,考え,予約,高め,存在,仕組み,進出,活かし,によって,機能,貢献,社会,拠点,を通じて,心,続け,作り,競技,発展,力,において,理念,品質,領域,モノ,製造,もちろん,ノウハウ,から,青少年,育成,以上,始まり,と共に,歴史,トップアスリート,もとより,地域,せ,一般,日程,日本,連絡,スタート,部,ユーザー,信頼,あらゆる,総務,約,80,％,人事,体験,愛用,それ,参加,使命,選考,掲げ,期待,タカラトミーグループ,により,頂き,追求,年度,皆様,17,たくさん,上,応募,★,2017,セミナー,真,楽しみ,会い,新た,皆さま,co,jp,開始,ので,（株）,ネットワーク,セガ,もつ,開催,認識,おもちゃ,業界,】,活躍,少数,精鋭,新生,セガグループ,",",000,ソフト,続ける,価値,対応,ヒット,つ,何,マイ,０,いただい,１,よう,任天堂,お願い,方,火,全,木,そして,９,プレ,卒,フィールド,分社,取り組ん,３月,取り組み,渡り,多岐,いただき,分,出来,アクセス,責任,弊社,必要,スポーツシューズ,立ちあがる,くらい,根性,ヒント,故に,若く,つなげる,取り組む,次,向き,前,体感,なけれ,ば,なら,壁,苦労,いか,上手く,だからこそ,自分,転ん,真剣,はいら,だ,立ち止まっ,失敗,スクウェア,エニックス,ことごとく,かけ,プライド,2016,31,能力,興味,全知,上がる,早,目,打率,少し,HP,わたし,方法,詳細,懇談,分から,誰,適宜,案内,発信,社,ハード,超える,毎年,手掛ける,エンジニア,ベンチャー,たとえば,ソフトウェア,いっ,本体,メニュー,アプリケーション,OS,SDK,ドライバ,呼ば,引っ張り,機,土台,部分,グラフィックス,オーディオ,文字,集まり,音声,といった,要素,それぞれ,.∴..∴..∴..∴..∴..∴..∴..∴.☆,快適,ツール,ミドル,ウェア,ニンテンドー,e,ショップ,Miiverse,サーバー,システム,プラットフォーム,recruit,とともに,業務,高度,複雑,company,好奇,takaratomy,旺盛,www,挑戦,チャレンジング,やりがい,://,http,サイト,熊本,大分,地方,発生,地震,被災,終了,関係,御,家族,心から,見舞い,申し上げ,本,20,締め切り,震災,影響,お越し,提出,面接,∴..∴..∴..∴..∴..∴..∴..∴.☆【,？,場合,エンターテインメント,一緒,出口,熱意,コンテンツ,楽しん,スケジュール,変更,おこなっ,調整,図り,先,宛,saiyo,@,mizuno,宜しく,1906,連動,ホビー,映像,ず,とらわれ,ええ,もん,はれ,これ,水野,利八,言葉,原点,ほとんど,浸透,なかっ,100,枠,昔,バンダイナムコエンターテインメント,参り,届け,販売,発揮,視点,強い,高い,国内,優れ,願う,安心,安全,肉体,極限,やむ,挑む,アスリート,最大限,引き出す,べく,最新,テクノロジー,駆使,満たす,良い,品,振興,人びと,世,いつの,経営,本物,喜ば,シーン,生み出す,注力,近年,高,意味,性,変わら,得,永遠,スタイル,日常,的,ファッション,融合,推進,ライフスタイル,不易,また,萬代,スピード,激しい,これから,界,勝ち残っ,舞台,由来,社名,感,現時点,まだまだ,低い,数値,における,いかに,パワー,ポイント,圧倒的,15,国,ユニーク,これら,中心,極めて,図っ,変わり,ゆく,見,一貫,いる,良く,想い,未来,ステージ,変革,大きな,歩,踏み出し,類,広,モデル,キャラクターマーチャンダイジング,CMD,思い,広げ,受け継ぎ,60,にわたり,独自,目標,上げる,成果,含め,計画,中期,カ年,ビジョン,ほかなり,育み,あなた,見つけ,創る,各国,メンバー,つくっ,ましょ,う,1949,鬼塚,喜八郎,を通して,健全,願い,探し,神戸,当,主軸,健康,幸せ,生活,実現,徹底,長年,渡っ,とき,姿勢,当社,DNA,受け継が,幅広く,ブランド,引き続き,安定,アメリカ,売り上げ,目指し,直営店,拡充,コナミ,再開,5,9,(,),楽しい,時,28,00,クリエイション,Live,スローガン,きり,配信,公開,とも,５,決まり,次第,更新,予定,おこし,驚き,与える,絶賛,春,【,にて,切り,様々,創り出し,取り巻く,大きく,TV,マイナビ,２,最適,行う,決断,再編,誕生,スマート,デバイス,コンシューマ,アーケード,ほか,ドメイン,ながら,大幅,権限,委譲,スピーディー,しかしながら,ミッション,違え,ど,変わる,新,仲間,募集
スポーツ・ゲーム製品・その他メーカー,112,109,91,73,70,67,50,48,47,39,37,30,27,25,23,22,21,18,18,17,17,16,16,16,15,15,15,12,12,12,12,12,11,10,10,9,9,8,8,8,8,8,8,7,7,7,7,7,7,7,7,7,7,7,7,7,6,6,6,6,6,6,6,6,6,6,6,6,6,5,5,5,5,5,5,5,5,5,5,5,5,5,5,5,5,5,5,4,4,4,4,4,4,4,4,4,4,4,4,4,4,4,4,4,4,4,4,4,4,4,4,4,3,3,3,3,3,3,3,3,3,3,3,3,3,3,3,3,3,3,3,3,3,3,3,3,3,3,3,3,3,3,3,3,3,3,3,3,3,3,3,3,3,3,3,3,3,3,3,3,3,3,3,3,3,2,2,2,2,2,2,2,2,2,2,2,2,2,2,2,2,2,2,2,2,2,2,2,2,2,2,2,2,2,2,2,2,2,2,2,2,2,2,2,2,2,2,2,2,2,2,2,2,2,2,2,2,2,2,2,2,2,2,2,2,2,2,2,2,2,2,2,2,2,2,2,2,2,2,2,2,2,2,2,2,2,2,2,2,2,2,2,2,2,2,2,2,2,2,2,2,2,2,2,2,2,2,2,2,2,2,2,2,2,2,2,2,2,2,2,2,2,2,2,2,2,2,2,2,2,2,2,2,2,2,2,2,1,1,1,1,1,1,1,1,1,1,1,1,1,1,1,1,1,1,1,1,1,1,1,1,1,1,1,1,1,1,1,1,1,1,1,1,1,1,1,1,1,1,1,1,1,1,1,1,1,1,1,1,1,1,1,1,1,1,1,1,1,1,1,1,1,1,1,1,1,1,1,1,1,1,1,1,1,1,1,1,1,1,1,1,1,1,1,1,1,1,1,1,1,1,1,1,1,1,1,1,1,1,1,1,1,1,1,1,1,1,1,1,1,1,1,1,1,1,1,1,1,1,1,1,1,1,1,1,1,1,1,1,1,1,1,1,1,1,1,1,1,1,1,1,1,1,1,1,1,1,1,1,1,1,1,1,1,1,1,1,1,1,1,1,1,1,1,1,1,1,1,1,1,1,1,1,1,1,1,1,1,1,1,1,1,1,1,1,1,1,1,1,1,1,1,1,1,1,1,1,1,1,1,1,1,1,1,1,1,1,1,1,1,1,1,1,1,1,1,1,1,1,1,1,1,1,1,1,1,1,1,1,1,1,1,1,1,1,1,1,1,1,1,1,1,1,1,1,1,1,1,1,1,1,1,1,1,1,1,1,1,1,1,1,1,1,1,1,1,1,1,1,1,1,1,1,1,1,1,1,1,1,1,1,1,1,1,1,1,1,1,1,1,1,1,1,1,1,1,1,1,1,1,1,1,1,1,1,1,1,1,1,1,1,1,1,1,1,1,1,1,1,1,1,1,1,1,1,1,1,1,1,1,1,1,1,1,1,1,1,1,1,1,1,1,1,1,1,1,1,1,1,1,1,1,1,1,1,1,1,1,1,1,1,1,1,1,1,1,1,1,1,1,1,1,1,1,1,1,1,1,1,1,1
 
gyoukai,、,の,を,に,。,て,し,ます,は,と,で,が,」,「,い,モール,エントリー,"",や,です,な,する,た,・,採用,こと,年,海外,高島屋,"",当社,など,から,ショッピング,イオン,開発,人,】,できる,』,展開,『,場所,地域,か,商業,“,様々,いき,も,【,.,/,(,あり,グループ,”,出店,お客,今後,),中国,この,ページ,多く,お客様,サービス,なく,なる,ディベロッパー,として,店,企業,案内,新しい,戦略,小売,より,人事,アジア,2,お,事業,（,いただく,情報,ので,いる,）,さま,文化,届け,ホームページ,ため,さまざま,領域,れる,チャンス,本,すべて,プレ,2017,ご覧,それ,計画,まで,ください,成長,土居,百貨店,統括,部長,マイナビ,創業,店舗,いたし,ご,づくり,へ,商品,価値,付加,中心,もの,新しく,まし,目指し,生活,ござい,おり,き,推進,仕事,魅力,伊勢丹,三越,街,つくる,だけ,変化,的,チャレンジ,等,いただき,訪れる,方々,オムニチャネル,中,1,生み出す,行い,一人ひとり,モノ,販売,体験,Design,という,Life,未来,暮らし,その,たい,考え,見据え,受付,まち,度,予約,ベトナム,また,担当,す,北京,べく,行っ,積極,欲しい,むけ,現在,明確,皮切り,城,商,国際,開業,2008,アセアン,において,2014,について,カンボジア,インドネシア,若手,社員,活躍,広がり,生まれ,進める,単なる,とどまら,ず,フィールド,といった,サイクリングロード,全体,劇場,夢中,とともに,感動,通し,コト,体感,Developer,わたし,たち,考える,施設,枠組み,越え,単に,ライフ,ステージ,機能,拡充,ところ,出逢い,笑顔,育成,豊か,含め,デザイン,住む,年間,50,億,影響,与え,まさに,今,大きく,変わろ,う,ショッピングモール,集まる,我々,何,揃える,どこ,やれる,テナント,連続,建物,思い,面白い,感じ,果敢,挑む,気概,溢れ,求め,秀次,／,ハード,ただ,受け付け,創り出し,皆さま,お待ち,マーケット,拡大,世界,随一,業,人々,常に,流れ,級,最大,高い,日本,提供,続け,近年,駅,ビル,空港,162,小型,国内外,新規,中核,接点,強化,マレーシア,新,ある,語る,柱,一つ,いく,使命,続ける,有難う,起こし,年度,新卒,アクション,化,具現,つ,ステップ,)【,出し,アイデア,　,HP,どちら,くだい,喜ん,！,マイ,お送り,そちら,添付,さ,れ,シート,質問,お答え,うえ,送信,完了,詳しく,楽しみ,上,○,URLhttp,://,www,会い,takashimaya,co,jp,みなさま,corp,Saiyou,freshman,index,html,部,2011,まずは,180,周年,迎え,以来,培っ,おもてなし,心,発信,マイページ,変え,なら,ない,専用,つき,時代,詳細,方法,ニーズ,対応,会,説明,べき,12,200,会社,従業,員,着実,実践,パス,キャリア,愛さ,色々,これ,目標,密着,テーマ,新た,スタイル,提案,日本橋,携わ,東京,社,横浜,再,関わる,改装,取り組ん,管理,運営,既存,シンガポール,大葉,台北,上海,3,加え,2016,タイ,投資,著しい,ASEAN,軸,グローバル,ありがとう,アクセス,基盤,顧客,ICT,さらに,整備,品,揃え,集客,売場,株,トキ,よう
百貨店・スーパー・コンビニ,65,58,57,44,42,34,26,26,25,18,15,14,14,14,12,11,10,10,9,9,9,8,8,8,7,7,7,7,7,6,6,6,5,5,5,5,5,5,5,5,5,5,4,4,4,4,4,4,4,4,4,4,4,4,4,4,4,4,3,3,3,3,3,3,3,3,3,3,3,3,3,3,3,3,3,3,3,3,3,3,3,3,3,3,3,3,3,3,3,3,2,2,2,2,2,2,2,2,2,2,2,2,2,2,2,2,2,2,2,2,2,2,2,2,2,2,2,2,2,2,2,2,2,2,2,2,2,2,2,2,2,2,2,2,2,2,2,2,2,2,2,2,2,2,2,2,2,2,2,2,2,2,2,2,2,2,2,2,2,2,2,2,2,2,2,2,2,2,2,2,2,2,2,2,2,2,2,2,2,1,1,1,1,1,1,1,1,1,1,1,1,1,1,1,1,1,1,1,1,1,1,1,1,1,1,1,1,1,1,1,1,1,1,1,1,1,1,1,1,1,1,1,1,1,1,1,1,1,1,1,1,1,1,1,1,1,1,1,1,1,1,1,1,1,1,1,1,1,1,1,1,1,1,1,1,1,1,1,1,1,1,1,1,1,1,1,1,1,1,1,1,1,1,1,1,1,1,1,1,1,1,1,1,1,1,1,1,1,1,1,1,1,1,1,1,1,1,1,1,1,1,1,1,1,1,1,1,1,1,1,1,1,1,1,1,1,1,1,1,1,1,1,1,1,1,1,1,1,1,1,1,1,1,1,1,1,1,1,1,1,1,1,1,1,1,1,1,1,1,1,1,1,1,1,1,1,1,1,1,1,1,1,1,1,1,1,1,1,1,1,1,1,1,1,1,1,1,1,1,1,1,1,1,1,1,1,1,1,1,1,1,1,1,1,1,1,1,1,1,1,1,1,1,1,1,1,1,1,1,1,1,1,1,1,1,1,1,1,1,1,1,1,1,1,1,1,1,1,1,1,1
 
