gyoukai,グループ,たち,創造,世界,採用,ロッテ,こと,私,食,企業,日清食品,創業,健康,エントリー,の,挑戦,価値,年,事業,貢献,食品,グリコ,飲料,新た,さ,野菜,ため,これ,トマト,/,者,新卒,社会,実現,感動,日本,分野,情熱,開始,現在,夢,的,ページ,活動,キリン,ブランド,ビジョン,.,開発,提供,カゴメ,みなさん,お待ち,ラーメン,初,味の素,清涼,届け,人,体験,1,人材,3,人事,理念,株式会社,心,好奇,部,一,道,中,カテゴリー,西洋,お客様,よう,栽培,歴史,"""",子ども,情報,皆さん,世紀,今,マイ,お伝え,カップ,仕事,年度,卒,商品,像,弊社,2017,満足,づくり,森永製菓,未来,積極,Way,サントリー,菓子,飲みもの,製造,切り,言葉,ソース,精神,様々,グローバル,世の中,意志,お菓子,今後,テーマ,CREATOR,可能,性,応募,FOOD,EARTH,生活,下,詳細,いま,環境,以来,笑顔,国,一人ひとり,成長,チャレンジ,製品,努力,方,http,あらた,://,4,周年,東京,栄養,マーク,お願い,興味,もと,必要,等,新宿,大切,2016,インスタント,技術,チキン,担当,サービス,ヌードル,自然,品種,ならでは,さまざま,アジア,明治,ファースト,欧州,力,推進,原動力,月,それ,日,ジュース,時,展開,海外,想像,何,酒類,活躍,すこやか,森永,変革,人々,恋人,直接,外食,食卓,HP,ケチャップ,調達,メルシャン,世界中,柱,1899,キリンビバレッジ,キリンビール,会社,文化,スポーツ,販売,驚き,自分,口,イベント,化,当時,一太郎,蟹江,以上,人参,ピーマン,リンゴ,110,果実,はじめ,パスタ,調味,料,大原,堀江,募集,火,),存在,感,胃袋,相手,スタート,分,結び,つき,非常,アメリカ,レストラン,チェーン,供給,中国,台湾,00,9,現地,スタッフ,共同,時間,原料,！(※,楽しみ,オセアニア,南米,国々,出会い,仲間,指導,実績,個人,フード,チームワーク,産業,トータル,ノウハウ,強み,アサヒビール,個性,サイト,それぞれ,ご覧,通常,掲載,かた,People,具体,Value,内容,社風,Contribution,随時,更新,見逃し,Social,お越し,いただき,Spirit,今年,江崎グリコ,実施,Pioneer,プレエントリー,開拓,プレ,ゴールイン,value,江崎,利一,箱,New,Create,創製,とき,国民,体位,向上,社是,創立,70,観,1992,平成,共通,現代,共感,共鳴,積み重ね,表現,スピリット,知恵,世代,もの,自ら,歓び,生命,輝き,家族,華やか,困難,デザート,道のり,隅々,課題,受付,人類,本欄,番,21,確認,確保,資源,持続,地球,類,ナンバーワン,フィールド,闘志,三,!!,チーム,こちら,医,バイオ・ファイン,nissin,核,com,nissinfoods,recruit,アミノ酸,],本社,タイル,調,外観,建物,街,目,[,発想,磨き,モノ,カップめん,丁寧,共存,宇宙,スペース,ラム,ワイン,提案,2008,50,ホールディングス,追求,ビール,感度,集団,日常,領域,創出,数々,社員,現状,みんな,DNA,No,麺,限定,イメージ,強力,進化,約束,次代,綜合,旺盛,枠,そう,トライ,設立,上,若手,2013,当社,チャンス,豊富,うち,権限,一つ,あなた,32,主体,太一郎,所,舞台,価,100,ニーズ,応え,研究,冷菓,ウイダー,少子,高齢,加工,志向,対応,拡大,次,エンゼルスマイルプロジェクト,わたし,育,すべて,場,教育,整備,支援,カカオ,心身,健全,育成,応援,両輪,酒,KIRIN,ひとつ,スペシャル,コンテンツ,就職,あゆみ,お知らせ,多く,学生,お話,理解,参画,予定,連絡,URL,www,lotte,co,jp,今日,市場,花,ここ,思い,口癖,米州,マーケット,定着,姿,郎,信治,資質,キーワード,鳥井,みな,考え,行動,将来,成果,目標,誰,一緒
食品・農林・水産,20,19,16,16,15,14,14,13,12,11,11,11,11,10,10,9,9,9,8,8,8,8,8,8,7,7,7,7,7,6,6,6,6,6,6,6,6,5,5,5,5,5,5,5,5,5,5,5,5,5,5,5,5,5,4,4,4,4,4,4,4,4,4,4,4,4,4,4,4,4,4,4,4,4,4,4,4,4,4,4,4,4,3,3,3,3,3,3,3,3,3,3,3,3,3,3,3,3,3,3,3,3,3,3,3,3,3,3,3,3,3,3,3,3,3,3,3,3,3,2,2,2,2,2,2,2,2,2,2,2,2,2,2,2,2,2,2,2,2,2,2,2,2,2,2,2,2,2,2,2,2,2,2,2,2,2,2,2,2,2,2,2,2,2,2,2,2,2,2,2,2,2,2,2,2,2,2,2,2,2,2,2,2,2,2,2,2,2,2,2,2,2,2,2,2,2,2,2,2,2,2,2,2,2,1,1,1,1,1,1,1,1,1,1,1,1,1,1,1,1,1,1,1,1,1,1,1,1,1,1,1,1,1,1,1,1,1,1,1,1,1,1,1,1,1,1,1,1,1,1,1,1,1,1,1,1,1,1,1,1,1,1,1,1,1,1,1,1,1,1,1,1,1,1,1,1,1,1,1,1,1,1,1,1,1,1,1,1,1,1,1,1,1,1,1,1,1,1,1,1,1,1,1,1,1,1,1,1,1,1,1,1,1,1,1,1,1,1,1,1,1,1,1,1,1,1,1,1,1,1,1,1,1,1,1,1,1,1,1,1,1,1,1,1,1,1,1,1,1,1,1,1,1,1,1,1,1,1,1,1,1,1,1,1,1,1,1,1,1,1,1,1,1,1,1,1,1,1,1,1,1,1,1,1,1,1,1,1,1,1,1,1,1,1,1,1,1,1,1,1,1,1,1,1,1,1,1,1,1,1,1,1,1,1,1,1,1,1,1,1,1,1,1,1,1,1,1,1,1,1,1,1,1,1,1,1,1,1,1,1,1,1,1,1,1,1,1,1,1,1,1,1,1,1,1,1,1,1,1,1,1,1,1,1,1,1,1,1,1,1,1,1,1,1,1,1,1,1,1,1,1,1,1,1,1,1,1,1,1
 
gyoukai,こと,社会,.,採用,事業,エントリー,京セラ,/,月,たち,技術,年,世界,グループ,成長,私,チャレンジ,人,日,3,当社,"""",新卒,創業,皆さん,力,課題,ため,企業,ロボット,選考,2017,開発,価値,展開,機,NEC,用,-,お願い,挑戦,方,100,産業,ソニー,人材,未来,づくり,富士通,システム,時代,もの,領域,解決,的,夢,安川,社員,スタート,以上,グローバル,電機,中,製造,1,jp,先,能力,4,提供,2015,://,人々,全体,ICT,お待ち,エネルギー,製品,実現,当時,6,PW,次,発行,インフラ,必要,株式会社,使命,以来,姿勢,所,発展,"""""",員,カメラ,今後,機器,それ,ID,電動,プレ,大切,情報,開始,会社,HP,活動,応募,新た,現在,地球,co,希望,ビジネス,従業,生活,可能,環境,下記,これ,役割,誇り,エネ,我々,カンパニー,リーディング,2,区,マイナビサイト,メカトロニクス,No,ソリューション,規模,シェア,一つひとつ,情熱,日立,推進,イノベーション,心,創立,周年,ロゴ,世界中,変化,人類,インバータ,視野,モータ,貢献,サーボ,自ら,AC,積極,経営,安川電機,理念,原動力,車,各地,あなた,思い,28,道,精神,カ国,革新,すべて,楽しみ,弊社,問い合わせ,ところ,発電,7,8,仕事,問題,世の中,事務,創,伏見,国,13,自分,創造,Square,欧米,の,センター,F,recruiting,誕生,両面,マイナビ,com,サイト,recruit,期待,https,マイページ,ホームページ,様々,京都,よう,キヤノン,他,即座,性,紹介,エアコン,三菱電機,html,分野,課,考え方,拡大,姿,制作,www,映像,お客様,http,以降,持続,直接,強化,追求,想い,理想,社風,ほか,現実,CG,融合,ネットワークカメラシステム,設計,最近,期間,短縮,MR,MREAL,両立,業務,豊か,K,ディスプレイ,ユニット,その他,レンズ,構成,CINEMA,EOS,SYSTEM,出力,現場,強力,サポート,オフィス,イメージングシステム,装置,半導体,連携,コア,イメージング,多く,メーカー,アピール,部屋,延長線,社,若者,確認,世界一,共通,手,卒,sony,年度,公開,panasonic,受付,gg,(,株,),@,チーム,パナソニック,連絡,オープン,全て,告知,登録,変更,準備,5,完了,系,検討,状況,かたち,予定,会,イノベート,フィールド,覚悟,意思,あたり前,日常,米,野菜,安心,食材,食卓,快適,カー,ライフ,患者,診察,医療,質,向上,馴染み,スマート,フォン,パソコン,そのもの,自体,目的,機会,ツール,ネットワーク,テクノロジー,どちら,不可欠,知恵,アイデア,教育,場,財,意識,主体,一人ひとり,スピード,限り,歩,一,業界,今,開拓,暮らし,間接,宇宙,不安,テロ,ベース,省エネ,災害,保全,活,合言葉,削減,取り組み,共生,サービス,化,注力,CO,感,そこ,その間,活発,交流,真正面,一緒,個性,切り,10,YASKAWA,扉,ノック,研究所,60,拠点,21,コーポレート,生産,刷新,9,代目,1915,石炭,搬送,国内外,炭坑,電,気品,受注,家電,日本,電気,外国,製,国産,大変,冷蔵庫,ファクトリーオートメーション,処理,オートメーション,先端,遂行,上下水道,管理,福祉,運行,品,両用,最高,水準,ノウハウ,駆使,結果,ドライブ,獲得,鉄道,文化,経済,構造,違い,要求,柔軟,対応,ローカル,グローカル,設備,変電,地位,確立,売上げ,半分,海外,節目,ビジョン,策定,中核,共存,市場,輸入,ロボティクスヒューマンアシスト,省エネルギー,母体,本,柱,台頭,歩み,真,進化,時,スピリット,国際,志,徹底的,実行,製作所,造船,神戸,ご覧,1921,コンテンツ,面,ひとつ,発信,nec,Orchestrating,a,brighter,world,ブランド,ステートメント,もと,地域,直面,長年,実績,エレクトロニクス,自身,道のり,やりがい,ホーム,index,graduates,saiyo,本格,共感,仲間,mitsubishielectric,お伝え,経由,真剣,アツ,お手数,場合,612,8501,金,市,マイページログイン,木,竹田鳥羽殿,町,番,部,TEL,075,604,3510,contact,kyocera,inquiry,ja,_,new,input,本社,自社,ソーラー,パネル,設置,30,中枢,名,火,お越し,物心,幸福,進歩,セミナー,皆様,70,",",000,テーマ,チャレンジング,強固,チームワーク,個々,存分,発揮,活躍,若手,果敢,目標,時点,進行,形,無限,成功,積み重ね,売上,収益,率,尊敬,The,Company,更
電子・電気機器,21,19,18,17,16,15,14,13,13,12,12,11,11,11,10,9,9,8,8,8,8,8,8,7,7,7,7,7,7,7,7,6,6,6,6,6,6,6,6,6,6,6,5,5,5,5,5,5,5,5,5,5,5,5,5,4,4,4,4,4,4,4,4,4,4,4,4,4,4,4,4,4,4,4,4,4,4,4,4,3,3,3,3,3,3,3,3,3,3,3,3,3,3,3,3,3,3,3,3,3,3,3,3,3,3,3,3,3,3,3,3,3,3,3,3,3,3,3,3,3,2,2,2,2,2,2,2,2,2,2,2,2,2,2,2,2,2,2,2,2,2,2,2,2,2,2,2,2,2,2,2,2,2,2,2,2,2,2,2,2,2,2,2,2,2,2,2,2,2,2,2,2,2,2,2,2,2,2,2,2,2,2,2,2,2,2,2,2,2,2,2,2,2,2,2,2,2,2,2,2,2,2,2,2,2,2,2,2,2,2,2,2,2,2,2,2,2,2,2,2,2,2,2,2,2,2,2,2,2,1,1,1,1,1,1,1,1,1,1,1,1,1,1,1,1,1,1,1,1,1,1,1,1,1,1,1,1,1,1,1,1,1,1,1,1,1,1,1,1,1,1,1,1,1,1,1,1,1,1,1,1,1,1,1,1,1,1,1,1,1,1,1,1,1,1,1,1,1,1,1,1,1,1,1,1,1,1,1,1,1,1,1,1,1,1,1,1,1,1,1,1,1,1,1,1,1,1,1,1,1,1,1,1,1,1,1,1,1,1,1,1,1,1,1,1,1,1,1,1,1,1,1,1,1,1,1,1,1,1,1,1,1,1,1,1,1,1,1,1,1,1,1,1,1,1,1,1,1,1,1,1,1,1,1,1,1,1,1,1,1,1,1,1,1,1,1,1,1,1,1,1,1,1,1,1,1,1,1,1,1,1,1,1,1,1,1,1,1,1,1,1,1,1,1,1,1,1,1,1,1,1,1,1,1,1,1,1,1,1,1,1,1,1,1,1,1,1,1,1,1,1,1,1,1,1,1,1,1,1,1,1,1,1,1,1,1,1,1,1,1,1,1,1,1,1,1,1,1,1,1,1,1,1,1,1,1,1,1,1,1,1,1,1,1,1,1,1,1,1,1,1,1,1,1,1,1,1,1,1,1,1,1,1,1,1,1,1,1,1,1,1,1,1,1,1,1,1,1,1,1,1,1,1,1,1,1,1,1,1,1,1,1,1,1,1,1,1,1,1,1,1,1,1,1,1,1,1,1,1,1,1,1,1,1,1
 
gyoukai,グループ,採用,銀行,お客,さま,金融,-,エントリー,サービス,提供,企業,ため,地域,*,方,京都,化,こと,関西,.,成長,当社,証券,新卒,ニーズ,社員,登録,資産,信託,様々,情報,みずほ,年,被災,個人,皆さま,業界,性,ビジネス,仕事,運用,日,事業,支援,心,ページ,貢献,大和証券,選考,商品,そ,年度,マイ,お待ち,力,総合,中,ホームページ,信頼,グローバル,経済,的,2017,月,発展,部,価値,存在,リテール,もと,日本,当行,２,機能,お客様,/,想い,プレ,マイナビ,不動産,経営,最大,地震,社会,中小,専門,ソリューション,見舞い,営業,一,型,国内,の,みなさん,最高,人事,規模,現在,国内外,人材,高度,影響,1,アーバン,開始,案内,(,行員,興味,育成,それ,受付,職,内,皆さん,多様,海外,積極,://,www,学生,者,熊本,コンサルティング,担当,広域,平成,プロジェクト,チーム,度,スタイル,戦略,形成,さまざま,キャリア,フィールド,夢,世界,活性,よう,密着,アジア,ライン,皆様,豊富,管理,フル,一人ひとり,期待,時,フィナンシャルグループ,姿,水準,本店,応え,付加,市場,発行,展開,ノウハウ,今,パスワード,ID,駆使,連携,投資,可能,的確,ログイン,産業,無限,自ら,サイト,以上,マイページ,志,スタンダード,たち,意欲,出会い,楽しみ,28,地方銀行,ブログ,配信,流れ,com,業務,私,自分,毎日,各社,ネットワーク,以下,http,誰,拡大,お祈り,お知らせ,4,制度,木,考え,出店,大阪,受託,UFJ,方々,地,東京,必要,家族,三菱,三井住友銀行,受検,取引,大切,福岡,ご覧,お金,創出,悩み,人,一番,株式,締切,スケジュール,課題,変更,以降,４月,学校,創業,法人,),３,５,９,後,独自,サポート,活用,研修,5,相談,全国,当初,元気,セミナー,上,対応,先,ステージ,03,6361,4950,都合,No,個々人,限り,連絡,不都合,身近,頼り,便利,なに,特徴,今回,一角,分野,その他,軸,足,*-*-*-*-*-*-*-*-*-*-*-*-*,８,点,金,前,延長,通り,99,％,1700,兆,円,ト,正面,ス,テ,B,E,W,解決,選択,キャッチ,絆,ドラマチック,会場,面接,下記,職種,募集,テスト,WEB,ＦＡ,16,午前,11,00,分,NOMURA,メンバーシップ,期日,手続き,一部,野村證券,株,)　,とそ,次長,兼,課長,石黒,智之,氏,野村,すべて,世界中,立地,強み,立脚,歩み,なか,発生,観,お互い,財産,地方,九州,40,インストラクター,14,若手,重要,修練,インフラ,graduate,環境,mutbsaiyo,チェック,内定,ブログ・,挑戦,前向き,変革,アクセス,縦横無尽,実現,ワイド,枠,本日,週間,以内,メール,希望,急ぎ,直接,即時,幸せ,活躍,ビル,都,千代田,区,丸の内,結集,高齢,旗印,MIZUHO,次世代,継承,要望,One,アップ,saiyou,オーダー,メイド,ホール,セール,増大,進出,複雑,jp,ワン,ストップ,融合,co,トータル・ソリューション,マーケット,金利,為替,リスクマネジメントニーズ,fg,分析,mizuho,反映,URLhttp,ロンドン,ニューヨーク,届け,タイムリー,等,家,関連,仲介,各種,freshers,顧問,smbc,フルラインアップ,復旧,詳細,残高,一貫,シームレス,評価,獲得,代行,実施,基盤,量,日程,実務,法務,IR,SR,6,株主,立案,施策,実行,きめ細か,予定,就活,生,角度,バリエーション,対象,ラインナップ,用意,今年,機会,114,周年,当時,パイオニア,精神,初,公平,毅,リード,例,当たり前,インターネット,國,導入,ほか,頭取,インパクト・インベストメント,販売,純増,重視,株式会社,前進,ラップ,注力,証,銀,モデル,他社,真摯,スローガン,Passion,for,the,Best,クオリティ,情熱,表現,PASSION,気概,体現,中核,今年度,たくさん,応募,何事,かたち,関係,様,日々,努力,さん,地元,中長期,発揮,安定,基本,方針,迅速,顧客,ライフ,問い合わせ,最適,ハイクオリティ,強化,観光,取り組み,これ,働,ボーダーレス,協,ヒト,モノ,進化,内外,時代,趨勢,2000,12,草津,支店,随一,滋賀,邦銀,兵庫,奈良,エリア,多く,是非,公開,魅力,不可欠,2010,22,実践,後輩,伝承,場,特別,設立,2014,イベント,施設,桂川,キャンパス,完成,スキル,人間,教育,体系,役,推進,震災,安全,復興,個別,弊,行,電話,今後,心斎橋,Page,Recruiting,職員,My,人々,豊か,さ,バンク,リレーションシップバンキング,共感,感,NO,地銀,生き方
銀行・証券,24,21,21,20,20,17,16,14,14,14,14,14,12,12,11,11,11,10,10,9,9,9,9,8,8,8,8,8,8,7,7,7,7,7,7,7,7,7,7,6,6,6,6,6,6,6,6,6,6,6,5,5,5,5,5,5,5,5,5,5,5,5,5,5,5,5,5,5,5,5,5,5,5,5,5,5,5,4,4,4,4,4,4,4,4,4,4,4,4,4,4,4,4,4,4,4,4,4,4,4,4,3,3,3,3,3,3,3,3,3,3,3,3,3,3,3,3,3,3,3,3,3,3,3,3,3,3,3,3,3,3,3,3,3,3,3,3,3,3,3,3,3,3,2,2,2,2,2,2,2,2,2,2,2,2,2,2,2,2,2,2,2,2,2,2,2,2,2,2,2,2,2,2,2,2,2,2,2,2,2,2,2,2,2,2,2,2,2,2,2,2,2,2,2,2,2,2,2,2,2,2,2,2,2,2,2,2,2,2,2,2,2,2,2,2,2,2,2,2,2,2,2,2,2,2,2,2,2,2,2,2,2,2,2,2,2,2,2,2,2,2,2,2,2,2,2,2,2,2,2,2,2,1,1,1,1,1,1,1,1,1,1,1,1,1,1,1,1,1,1,1,1,1,1,1,1,1,1,1,1,1,1,1,1,1,1,1,1,1,1,1,1,1,1,1,1,1,1,1,1,1,1,1,1,1,1,1,1,1,1,1,1,1,1,1,1,1,1,1,1,1,1,1,1,1,1,1,1,1,1,1,1,1,1,1,1,1,1,1,1,1,1,1,1,1,1,1,1,1,1,1,1,1,1,1,1,1,1,1,1,1,1,1,1,1,1,1,1,1,1,1,1,1,1,1,1,1,1,1,1,1,1,1,1,1,1,1,1,1,1,1,1,1,1,1,1,1,1,1,1,1,1,1,1,1,1,1,1,1,1,1,1,1,1,1,1,1,1,1,1,1,1,1,1,1,1,1,1,1,1,1,1,1,1,1,1,1,1,1,1,1,1,1,1,1,1,1,1,1,1,1,1,1,1,1,1,1,1,1,1,1,1,1,1,1,1,1,1,1,1,1,1,1,1,1,1,1,1,1,1,1,1,1,1,1,1,1,1,1,1,1,1,1,1,1,1,1,1,1,1,1,1,1,1,1,1,1,1,1,1,1,1,1,1,1,1,1,1,1,1,1,1,1,1,1,1,1,1,1,1,1,1,1,1,1,1,1,1,1,1,1,1,1,1,1,1,1,1,1,1,1,1,1,1,1,1,1,1,1,1,1,1,1,1,1,1,1,1,1,1,1,1,1,1,1,1,1,1,1,1,1,1,1,1,1,1
 
gyoukai,月,3,日,@,お客様,こと,キャンパス,もの,の,年,住宅,私,建築,住まい,当社,会社,たち,仕事,企業,.,エントリー,性能,づくり,LIXIL,火,/,社会,営業,それ,事業,家,ため,的,1,提案,よう,採用,技術,作品,賞,日本,何,会,社員,金,説明,価値,環境,力,水,東京,人,清水建設,店,夢,工務,設計,08,貢献,階,物,担当,ページ,木,展示,一,必要,暮らし,多く,みなさん,提供,販売,09,4,号館,現在,今,10,創業,これ,時代,11,人々,07,理念,生活,総合,建設,住,発電,一条,jp,://,グループ,マイナビ,15,http,大学,人事,快適,豊か,棟,サービス,東京ドーム,文化,2011,様々,時,完成,以上,場,館,系,信頼,案内,2,就職,品質,部門,方,ご覧,Technology,全国,想い,形,住友林業,ニーズ,情報,化,数,主,部,やりがい,成長,ビジネス,デザイン,一緒,誇り,関係,自分,イメージ,スタート,地区,最良,地域,株式会社,サイト,大切,事務,条,新卒,解決,世界,発展,心,エリア,未来,財産,セキスイハイムグループ,合同,後,今後,組,もと,誕生,講義,大林,性,安心,前,太陽光,内,大林組,一人ひとり,家族,(,),図面,本社,土,ビル,目,5,教室,ところ,感動,受賞,きっかけ,資産,ホール,新た,ささやか,大賞,その後,北海学園大学,2020,会館,学生,上ケ原,西宮,持続,関西学院大学,教育,指導,省エネ,活用,B,名古屋,目標,達成,挑戦,早稲田大学,型,さん,オフィス,入社,12,基準,支店,校舎,明治大学,国,記念,JOB,FAIR,中央大学,ビッグ,近年,将来,接客,打合せ,事,免,14,震,ビジョン,メール,あなた,スピード,体育館,一つ,EXPO,地震,24,後世,室,システム,引き渡し,立場,差,開発,メーカー,普及,建造,創造,舞台,推進,製品,発揮,最大限,拠点,HP,シティ,向上,十,プレ,幸せ,セキスイハイム,社風,業界,国内,人びと,規模,チーム,姿,(※),経営,搭載,中央,楽しみ,可能,co,www,つながり,こちら,重要,ホームページ,活動,点,特徴,分野,展開,商品,雰囲気,お願い,サポート,業務,100,通り,顧客,パネル,活躍,商社,ーベルハウス,全般,国内外,建材,木材,実績,職,非常,評価,施工,期間,士,制度,企画,知識,契約,マイページ,マイ,こだわり,グローバル,一つひとつ,角度,計画,構造,竹中工務店,テクノロジー,モデルハウス,複雑,積水ハウス,saiyou,不動産,イベント,地球,さまざま,歩,OPEN,すみ,sfc,information,応援,fresher,フルオーダーメイド,注文,本気,トータル,最初,接点,決断,選択,週末,祝日,常駐,来場,構築,選び,資金,目的,税金,多彩,シーズン,質問,就活,的確,不可欠,数字,統括,全体,インテリア,コーディネーター,ら,プロジェクト,交渉,マイホーム,具体,お手伝い,そこ,利用,FP,資格,取得,要望,通常,範囲,本部,強み,スタイル,調達,コンサルティング,適切,中,それぞれ,家具,等,使用,合板,理想,問屋,プレカットメーカー,特性,個人,意思,尊重,新人,同様,配属,間,失敗,上司,先輩,対応,進め方,感,場面,モチベーション,条件,ナンバーワン,海外,駐在,経験,風土,気候,チャンス,意欲,大和ハウス,工業,たび,弊社,上記,リンク,トミ,応募,お伝え,お越し,ＷＥＢ,2017,年度,クラ,倉富,daiwahouse,局,student,太刀川,真美,左,足立,美優,皆さん,秋山,眞,範,右,パイオニア,saiyo,sekisuiheim,充実,各社,オープン,切り,FAMILY,財,資本,A,LIKE,能力,熊本,朋絵,調べ,学内,セミナー,高津,参加,涙,都市,とき,プレゼント,世田谷,サプライズ,小樽商科大学,そのもの,瞬間,期待,法学部,思いやり,ゼロ,お送り,課,九州大学,伊都,内容,アポイント,熊本大学,話し合い,やりとり,窓口,埼玉大学,学会,プロセス,体験,過程,明治学院大学,白金,武蔵大学,江古田,カーテン,多摩,獨協大学,天野,貞祐,新築,実家,・,頃,生田,中学生,東北学院大学,土樋,6,北,健太,駿河台,リバティタワー,倉,早稲田,東京外国語大学,研究,沖,南山大学,店長,7,M,後輩,積極,委員,研修,社内,新館,会議,日々,愛知大学,成城大学,学,東京理科大学,野田,経済学部,本館,地下,心配り,機会,くだ,関西大学,千里山,学舎,C,402,手紙,龍谷大学,深草,中京大学,愛知,県,不在,法政大学,市ヶ谷,足,後日,名前,住所,ベルサール,六,本木,関東,分,先日,号,北海道大学,クラーク,サンシャインシティ,大阪市立大学,高原,東京大学,本郷,生,協,二,食堂,16,答え,さ,福岡,ヤフオク,ドーム,18,近畿大学,東大阪,１１月,19,京都,烏丸,コンベンションホール,20,23,名古屋大学,東山,豊田,講堂,丁寧,立命館大学,びわこ,芝浦工業大学,大宮,25,西南学院大学,28,同志社大学,今出川,良心,館内,物事,部分,人生,建,リクシル,従来,枠,ソリューション,トステム,INAX,新日軽,サンウエーブ工業,製造,東洋エクステリア,社,統合,社名,LIVING,LIFE,造語,名,戸,ナンバー,志望,風習,外国,買い物,高価,一生,世界中,株主,約束,WAY,思い,VISION,共有,印象,VALUE,実践,選考,存在,意義,2015,イノベーション,コンテンツ,大臣,サステナビリティ,重視,Water,交通,Housing,Building,Kitchen,国土,ジャパン,カンパニー,体制,シナジー,効果,真,エコプロダクツ,モデル,ヘーベルハウス,世代,旭化成ホームズ,グッド,理由,先進,誰,簡単,度,ゆえ,慎重,真剣,始め,スタッフ,％,まちがい,ロング,ライフ,方針,理解,共感,為,スキル,マインド,90,最終,世紀,街,紙面,方法,支持,円,0,shimz,new,index,html,専用,登録,CM,支出,初期,シミズ,共通,メッセージ,子ども,ごと,以来,拡大,エネルギー,全て,シーン,追求,クリーン,原点,それら,どれ,独自,基盤,個性,役割,願い,長期,注目,Smart,Vision,2010,No,進化,策定,コア,ビルドアンドスクラップ,ハウス・オブ・ザ・イヤー・イン・エナジー,人類,回,コンペ,結果,随時,領域,上,満足,クリア,影響,銀座,程,京橋,質,2012,8,移転,温度,室内,壁面,緑化,最先端,結集,株,断熱,お過ごし,耐震,建物,信念,1978,進歩,情熱,磨き,品川,インター,今日,物件,こころ,120,節目,基本,制定,場所,誠実,空間,配慮,市民,課題,どこ,すべて,これら,実現,タワー,!!=========,ミッドタウン,ヘップ・ファイブ,あべの,ハルカス,象徴,お待ち,受付,予約,者,400,予定,ラクーア,ホテル,ミーツポート,開催,代表,生命,器,考え方,世,愛着,姿勢,多方面,デミング,管理,BCS,BELCA,多数,ひとつ,変化,会場,各地,多様,長年,蓄積,被害,最小限,制,シックハウス,症候群,原因,化学,物質,制御,最近,耐火,集成,材,木造,工事,竣工,運用,山田,支援,切り口,アセット,プロパティ,マネジメント,ソフト,面,問題
建設・住宅・インテリア,55,47,47,42,34,25,22,17,17,16,14,14,13,13,13,12,12,12,12,11,11,11,11,11,10,10,10,10,10,10,10,10,9,9,9,9,9,8,8,8,8,8,8,8,7,7,7,7,7,7,7,7,7,7,7,7,7,7,7,6,6,6,6,6,6,6,6,6,6,6,6,5,5,5,5,5,5,5,5,5,5,5,5,5,5,5,5,5,5,5,5,4,4,4,4,4,4,4,4,4,4,4,4,4,4,4,4,4,4,4,4,4,4,4,4,4,4,4,4,4,4,4,4,4,4,4,4,3,3,3,3,3,3,3,3,3,3,3,3,3,3,3,3,3,3,3,3,3,3,3,3,3,3,3,3,3,3,3,3,3,3,3,3,3,3,3,3,3,3,3,3,3,3,3,3,3,3,3,3,3,3,3,3,3,3,3,3,3,3,3,2,2,2,2,2,2,2,2,2,2,2,2,2,2,2,2,2,2,2,2,2,2,2,2,2,2,2,2,2,2,2,2,2,2,2,2,2,2,2,2,2,2,2,2,2,2,2,2,2,2,2,2,2,2,2,2,2,2,2,2,2,2,2,2,2,2,2,2,2,2,2,2,2,2,2,2,2,2,2,2,2,2,2,2,2,2,2,2,2,2,2,2,2,2,2,2,2,2,2,2,2,2,2,2,2,2,2,2,2,2,2,2,2,2,2,2,2,2,2,2,2,2,2,2,2,2,2,2,2,2,2,2,2,2,2,2,2,2,2,2,2,2,2,2,2,2,1,1,1,1,1,1,1,1,1,1,1,1,1,1,1,1,1,1,1,1,1,1,1,1,1,1,1,1,1,1,1,1,1,1,1,1,1,1,1,1,1,1,1,1,1,1,1,1,1,1,1,1,1,1,1,1,1,1,1,1,1,1,1,1,1,1,1,1,1,1,1,1,1,1,1,1,1,1,1,1,1,1,1,1,1,1,1,1,1,1,1,1,1,1,1,1,1,1,1,1,1,1,1,1,1,1,1,1,1,1,1,1,1,1,1,1,1,1,1,1,1,1,1,1,1,1,1,1,1,1,1,1,1,1,1,1,1,1,1,1,1,1,1,1,1,1,1,1,1,1,1,1,1,1,1,1,1,1,1,1,1,1,1,1,1,1,1,1,1,1,1,1,1,1,1,1,1,1,1,1,1,1,1,1,1,1,1,1,1,1,1,1,1,1,1,1,1,1,1,1,1,1,1,1,1,1,1,1,1,1,1,1,1,1,1,1,1,1,1,1,1,1,1,1,1,1,1,1,1,1,1,1,1,1,1,1,1,1,1,1,1,1,1,1,1,1,1,1,1,1,1,1,1,1,1,1,1,1,1,1,1,1,1,1,1,1,1,1,1,1,1,1,1,1,1,1,1,1,1,1,1,1,1,1,1,1,1,1,1,1,1,1,1,1,1,1,1,1,1,1,1,1,1,1,1,1,1,1,1,1,1,1,1,1,1,1,1,1,1,1,1,1,1,1,1,1,1,1,1,1,1,1,1,1,1,1,1,1,1,1,1,1,1,1,1,1,1,1,1,1,1,1,1,1,1,1,1,1,1,1,1,1,1,1,1,1,1,1,1,1,1,1,1,1,1,1,1,1,1,1,1,1,1,1,1,1,1,1,1,1,1,1,1,1,1,1,1,1,1,1,1,1,1,1,1,1,1,1,1,1,1,1,1,1,1,1,1,1,1,1,1,1,1,1,1,1,1,1,1,1,1,1,1,1,1,1,1,1,1,1,1,1,1,1,1,1,1,1,1,1,1,1,1,1,1,1,1,1,1,1,1,1,1,1,1,1,1,1,1,1,1,1,1,1,1,1,1,1,1,1,1,1,1,1,1,1,1,1,1,1,1,1,1,1,1,1,1,1,1,1,1,1,1,1,1,1,1,1,1,1,1,1,1,1,1,1,1,1,1,1,1,1,1,1,1,1,1,1,1,1,1,1,1,1
 
gyoukai,-,日,世界,技術,クルマ,こと,たち,年,当社,社会,私,月,未来,マイナビ,3,開発,自動車,的,(,採用,皆さん,ため,製品,提供,環境,人,づくり,挑戦,就職,EXPO,事業,6,人々,お客様,エントリー,力,システム,分野,),対応,4,登録,生活,会員,出展,5,化,販売,豊か,貢献,もの,メーカー,世界中,商品,これ,被災,1,の,お待ち,交通,実現,今後,フィールド,AT,Kawasaki,人事,変化,想い,関連,ページ,会場,モノ,理系,企業,車,話,富士重工業,発揮,エネルギー,/,時代,心,Zoom,部品,TNGA,お祈り,お願い,発展,限界,グループ,先進,地震,選考,創業,以来,現在,産業,地球,独創,国,方,新た,案内,14,以降,一人ひとり,トヨタ,発生,.　,熊本,方々,各国,地域,社員,来場,見舞い,お越し,開催,なごや,ポートメッセ,情報,１,たくさん,.,速,存在,戦略,会,説明,様々,性,使命,一,価値,8,自身,川崎重工業,中,部,Honda,経済,100,リード,先,融合,創造,通信,それ,拡大,車両,初,用,プレイヤー,実用,集中,成功,各種,航空機,機械,PRIUS,歴史,もと,カー,共感,提携,次世代,困難,低減,原価,チーム,IT,ハイブリッド,向上,一つ,規模,構造,革新,物流,網,子ども,笑顔,ニーズ,オートマチックトランスミッション,必要,ミッション,影響,申込,HP,責任,Global,シェア,スバル,輸送,FR,満足,安全,2017,自分,受付,みなさん,インフラ,問い合わせ,個別,原動力,よう,想像,活用,一緒,チャレンジ,魅力,地方,楽しみ,可能,PERSONAL,台,感,PAGE,領域,カーナビゲーションシステム,2,状況,グローバル,得意,小粒,連絡,飛躍,復旧,織機,E,カーエアコン,コンプレッサー,発想,メール,スケジュール,マツダ,-----,株,暮らし,前身,新興,中島,トップ,高度,人生,エンジン,アイシン精機,日程,)、,ユーザー,土,活躍,冥福,精神,飛行機,共存,設立,独自,部門,金,日本人,中心,ゼロ,専用,個性,サポート,アクセス,企画,時流,胸,38,近く,万,デンソー,有数,サプライヤー,ブレーキ,ボディ,電子,レベル,住,医療,名古屋,そちら,積極,推進,メジャー,用意,マイページ,成長,次,ご覧,ここ,公開,WEB,!>,大分,New,地,みなさま,<,回復,期待,不利,カタチ,柔軟,夢,質問,相談,結構,マイ,とい,-------------------------,世,年度,定期,応募,源泉,株式会社,世の中,モビリティ,課,あなた,覚悟,あり方,川崎重工,事実,事故,今,問題,街,画期的,簡単,壁,失敗,結果,数々,重要,財,切磋琢磨,ITS,他者,理解,さまざま,普及,社内外,多様,場面,リーダーシップ,EV,観,PHV,HV,体現,1878,130,考え,着実,歩み,造船,鉄道,新車,ガソリンエンジン,2050,MIRAI,電池,モーターサイクル,プラント,燃料,実践,通用,ダイナミック,21,世紀,加速,機動,視野,整備,ネットワーク,動向,国土,海洋,宇宙,場,現状,規制,将来,サービス,2007,カワサキグループ・ミッションステートメント,制定,上位,否定,明確,出会い,成果,感動,メッセージ,足,過去,意味,達成,シート,提出,方法,随時,ID,パスワード,提唱,創出,際,コミュニケーション,雇用,育成,スタッフ,一同,2016,モータリゼーション,戦前,声,現物,1917,現地,わが国,最大,基盤,先取り,礎,全て,総合,機,手,理念,レガシィ,インプレッサ,フォレスター,日本,提案,ご存知,それら,誰,いのち,想い出,フルラインナップメーカー,ターゲット,カテゴリー,No,デビュー,ならでは,経営,資源,12,2015,納得,価格,資本,業務,仕組み,大幅,巨額,投資,スケール,メリット,コア,拡充,並行,人材,尊重,特徴,社風,アイシン・エィ・ダブリュ,担当,新卒,スタート,今年,モダン,デザイン,本館,展示,スペース,画面,カット,モデル,閲覧,専門,制,2006,TOYOTA,html,schedule,2012,FF,ＡＴ,背景,調和,研究,取り組み,気持ち,Driving,Innovation,そのもの,主,biz,前述,はじめ,業界,ドライブ,トレイン,data,ボイスナビゲーションシステム,2014,60,カ国,以上,製,近年,地図,差分,配信,制御,ナビマチック,最新,recruit,モータハイブリッドトランスミッション,最近,WD,ハイブリッドトランスミッション,注目,快適,興味,九州,皆様,com,saiyo,参加,場合,事情,調整,気兼ね,下記,TEL,:,0566,27,5148,ダイヤ,ルイン,豊田自動織機,豊田,佐吉,発明,G,型,自動,toyota,製造,目的,://,９,２,６,その後,多角,繊維,https,確認,ほか,エレクトロニクス,３つ,Ｎｏ,フォークリフト,エア,ジェット,証,８,７,社,展開,生産,体制,強化,全体,変革,掲載,イノベーション,源流,ＨＰ,歓び,家族,お客,さま,間,特別,絆,ブランド,プレ,)　,室,皆さま,28,姿,平成,ライフ,輝き,永続,多く,真剣,道
自動車・輸送用機器,48,26,26,22,22,19,17,16,15,15,14,14,14,13,13,13,11,11,11,10,10,10,10,10,9,9,9,9,8,8,8,8,8,8,8,8,7,7,7,7,7,6,6,6,6,6,6,6,6,6,6,6,6,5,5,5,5,5,5,5,5,5,5,5,5,5,5,5,5,5,4,4,4,4,4,4,4,4,4,4,4,4,4,4,4,4,4,4,4,4,4,4,4,4,4,4,4,4,4,4,4,3,3,3,3,3,3,3,3,3,3,3,3,3,3,3,3,3,3,3,3,3,3,3,3,3,3,3,3,3,3,3,3,3,3,3,3,3,3,3,3,3,3,3,3,3,3,3,3,3,3,3,2,2,2,2,2,2,2,2,2,2,2,2,2,2,2,2,2,2,2,2,2,2,2,2,2,2,2,2,2,2,2,2,2,2,2,2,2,2,2,2,2,2,2,2,2,2,2,2,2,2,2,2,2,2,2,2,2,2,2,2,2,2,2,2,2,2,2,2,2,2,2,2,2,2,2,2,2,2,2,2,2,2,2,2,2,2,2,2,2,2,2,2,2,2,2,2,2,2,2,2,2,2,2,2,2,2,2,2,2,2,2,2,1,1,1,1,1,1,1,1,1,1,1,1,1,1,1,1,1,1,1,1,1,1,1,1,1,1,1,1,1,1,1,1,1,1,1,1,1,1,1,1,1,1,1,1,1,1,1,1,1,1,1,1,1,1,1,1,1,1,1,1,1,1,1,1,1,1,1,1,1,1,1,1,1,1,1,1,1,1,1,1,1,1,1,1,1,1,1,1,1,1,1,1,1,1,1,1,1,1,1,1,1,1,1,1,1,1,1,1,1,1,1,1,1,1,1,1,1,1,1,1,1,1,1,1,1,1,1,1,1,1,1,1,1,1,1,1,1,1,1,1,1,1,1,1,1,1,1,1,1,1,1,1,1,1,1,1,1,1,1,1,1,1,1,1,1,1,1,1,1,1,1,1,1,1,1,1,1,1,1,1,1,1,1,1,1,1,1,1,1,1,1,1,1,1,1,1,1,1,1,1,1,1,1,1,1,1,1,1,1,1,1,1,1,1,1,1,1,1,1,1,1,1,1,1,1,1,1,1,1,1,1,1,1,1,1,1,1,1,1,1,1,1,1,1,1,1,1,1,1,1,1,1,1,1,1,1,1,1,1,1,1,1,1,1,1,1,1,1,1,1,1,1,1,1,1,1,1,1,1,1,1,1,1,1,1,1,1,1,1,1,1,1,1,1,1,1,1,1,1,1,1,1,1,1,1,1,1,1,1,1,1,1,1,1,1,1,1,1,1,1,1,1,1,1,1,1,1,1,1,1,1,1,1,1,1,1,1,1,1,1,1,1,1
 
gyoukai,事業,=,こと,素材,的,開発,製品,世界,さん,ため,技術,私,国,明日,の,社員,患者,エントリー,社会,担当,ブランド,コーセー,力,市場,化,医薬品,旭化成,採用,たち,可能,革新,海外,年,新た,製薬,資生堂,一,医療,転換,自ら,現地,Innovation,挑戦,方,新薬,2017,領域,成長,当社,人々,新卒,性,継続,提供,貢献,研究,生活,もと,会社,富士フイルム,制度,水,エネルギー,開始,変化,お待ち,年度,企業,解決,施策,課題,規模,地球,文化,理念,世の中,仕事,登録,価値,興味,法人,フィルム,変革,選考,三共,それ,時代,先,希望,用,新規,デジタル,経営,地域,ビジネス,アステラス,化粧,推進,-,卒,世界中,プレ,日々,活動,よう,創業,公募,お願い,グローバル,グループ,学生,社内,創出,繊維,病院,心,先進,たくさん,中,全体,ニーズ,診断,多く,お客,受付,治療,満足,度,届け,さ,有用,さま,.,感,部署,等,異動,一人ひとり,住宅,品,面接,営業,展開,"""",OTC,医薬,健康,国際,成果,運営,現在,場面,楽しみ,積極,コア,環境,中心,電子,費,4,化学,開拓,拡大,膜,浸透,需要,売上,チャレンジ,目標,部,効率,X,創,線,使命,上,方向,家族,写真,初,就職,燃料,マイナビ,中国,自身,者,東レ,応募,共感,自分,信念,スローガン,Value,エリア,ソリューション,from,支援,視点,対応,歴史,疾患,フィールド,メッセージ,自体,未来,思い,温暖,第一線,化石,そこ,言葉,枯渇,人口,増加,シンプル,資源,不足,高齢,到来,等々,今,認識,薬,点,問題,本質,道のり,上流,発想,モノ,旅客機,大幅,省エネ,簡単,中型,機,自在,行き来,づくり,くすり,丈夫,炭素,増大,新興,負担,海水,淡水,要,投資,これ,太陽光,風力,再生,汚染,物質,排出,電池,競争,鍵,進展,1926,以来,有機,合成,策,高分子,バイオテクノロジー,ナノ,テクノロジー,抑制,業界,駆使,さまざま,発展,衣料,インテリア,家電,エレクトロニクス,自動車,航空機,部材,機器,処理,昨今,機能,型,暮らし,産業,リーディング,カンパニー,最終,信頼,人類,気概,先端,病気,88,みなさん,意欲,一緒,144,夢,チャンス,双方,存在,重要,スケール,手,枠,既存,アピール,論文,書類,育成,配属,決定,活用,人材,部門,人事,応援,考え方,頃,遠慮,考え,存分,表現,功,アジア,圏,各国,人,マッチ,韓国,観,ビジョン,やりとり,戦略,政策,立案,実施,日本,姿,習慣,拡,め,必要,関連,連携,スポークスパーソン,キャラクター,イベント,開催,雑誌,各種,メディア,露出,販売,本来,関係,向上,時,判断,機会,緊張,全て,お互い,縮小,基幹,ケース,国内,数,7,目,立場,状況,イチ,大切,対等,皆さま,O,課,プランナー,2009,入社,終了,スピード,本社,ビル,東京,イメージ,CM,おなじみ,ルル,ロキソニン,S,商品,医師,%,50,調剤,薬局,処方,中核,マーケティング,基盤,ジェネリック,ワクチン,比率,お知らせ,豊か,マイページ,公開,プレエントリー,ホームページ,http,://,www,美,asahi,食品,kasei,jobs,com,普段,飲料,美容,使用,インナー,ウェア,モバイル,便利,スマート,フォン,子供,120,ビデオカメラ,スタッフ,活躍,ケミカル,建材,皆さん,部品,材料,基本,人びと,いのち,くらし,多岐,共通,確認,まち,リンク,=====================　　　　,上部,コミュニケーション,スタート,=========================,応用,事例,紹介,アイデア,具体,場,Open,Hub,新設,後,詳細,参加,各地,印刷,全国,以外,多様,品質,シェア,獲得,一方,1980,年代,初頭,兆し,敏感,率先,自社,デジタル技術,画期的,EXPO,画像,実現,FCR,フルデジタルカメラ,DS,1,イノベーション,連続,激減,構造,例,2014,創立,80,周年,制定,コーポレート,定期,アクセス,ページ,イノベーター,DNA,社内外,知恵,融合,想い,今後,チカラ,サービス
繊維・アパレル・化学・薬品・化粧品,28,22,18,15,14,13,12,12,9,9,9,9,8,8,8,7,7,7,7,6,6,6,6,6,6,6,6,6,6,6,6,6,5,5,5,5,5,5,5,5,5,5,5,5,5,5,5,5,4,4,4,4,4,4,4,4,4,4,4,4,4,4,4,4,4,4,4,4,4,3,3,3,3,3,3,3,3,3,3,3,3,3,3,3,3,3,3,3,3,3,3,3,3,3,3,3,3,3,3,3,3,3,3,3,3,3,3,3,3,3,3,3,3,2,2,2,2,2,2,2,2,2,2,2,2,2,2,2,2,2,2,2,2,2,2,2,2,2,2,2,2,2,2,2,2,2,2,2,2,2,2,2,2,2,2,2,2,2,2,2,2,2,2,2,2,2,2,2,2,2,2,2,2,2,2,2,2,2,2,2,2,2,2,2,2,2,2,2,2,2,2,2,2,2,2,2,2,2,2,2,2,1,1,1,1,1,1,1,1,1,1,1,1,1,1,1,1,1,1,1,1,1,1,1,1,1,1,1,1,1,1,1,1,1,1,1,1,1,1,1,1,1,1,1,1,1,1,1,1,1,1,1,1,1,1,1,1,1,1,1,1,1,1,1,1,1,1,1,1,1,1,1,1,1,1,1,1,1,1,1,1,1,1,1,1,1,1,1,1,1,1,1,1,1,1,1,1,1,1,1,1,1,1,1,1,1,1,1,1,1,1,1,1,1,1,1,1,1,1,1,1,1,1,1,1,1,1,1,1,1,1,1,1,1,1,1,1,1,1,1,1,1,1,1,1,1,1,1,1,1,1,1,1,1,1,1,1,1,1,1,1,1,1,1,1,1,1,1,1,1,1,1,1,1,1,1,1,1,1,1,1,1,1,1,1,1,1,1,1,1,1,1,1,1,1,1,1,1,1,1,1,1,1,1,1,1,1,1,1,1,1,1,1,1,1,1,1,1,1,1,1,1,1,1,1,1,1,1,1,1,1,1,1,1,1,1,1,1,1,1,1,1,1,1,1,1,1,1,1,1,1,1,1,1,1,1,1,1,1,1,1,1,1,1,1,1,1,1,1,1,1,1,1,1,1,1,1,1,1,1,1,1,1,1,1,1,1,1,1,1,1,1,1,1,1,1,1,1,1,1,1,1,1,1,1,1,1,1,1,1,1,1,1,1,1,1,1,1
 
gyoukai,世界,.,こと,製品,方,分野,技術,エントリー,年,開発,採用,の,活躍,/,人,業界,医療,実現,グローバル,情報,社員,挑戦,機器,グループ,提供,初,企業,1,メーカー,力,貢献,イシダ,それ,J,CASIO,シェア,検査,皆さん,事業,人々,的,リコー,://,性,計量,世界中,たち,会,説明,食品,日本,jp,ページ,シチズン,心,http,よう,生産,システム,新卒,健康,発展,仕事,サービス,アーク,以来,環境,もの,co,化,レイ,私,-,一,研究,ヘルスケア,No,想い,生活,チーム,包装,向け,画像,デジタル,興味,機械,中,若手,お待ち,理念,お客様,以上,経営,どこ,www,一人ひとり,カメラ,recruit,選考,弊社,成長,テクノロジー,価値,当社,戦略,ソリューション,案内,夢,今,担当,オフィス,SHOCK,すべて,目,G,度,時代,豊か,ジョンソン,展開,2,トップクラス,株式会社,楽しみ,お願い,責任,スケール,世の中,カ国,アイデア,人材,CITIZEN,積極,ため,売上,マイ,専門,創造,創業,販売,国内,会社,4,最先端,装置,％,薬,高,海外,者,122,内,拠点,舞台,工場,科学,未来,様々,連続,医薬品,診断,等,はず,斬新,用,独自,職種,時計,独創,誕生,ホームページ,希望,確認,サイト,是非,社会,商品,みなさん,発想,リード,コニカミノルタ,加速,トップ,人事,一緒,ブランド,受付,IT,づくり,イノベーション,中心,機,2017,産業,これ,存在,その他,3,領域,随時,法人,事務,皆さま,向上,ニコン,歓迎,ネットワーク,方法,!!,過去,ライン,届け,関連,マガジン,局,ひとつ,構築,精密,サポート,jnj,ご覧,記録,渡邉,製造,マイページ,これら,歩,各種,治療,位,規模,現在,次,効率,部,発信,活用,そこ,オリンパス,たくさん,スタイル,一瞬,大手,自分,活動,考え方,パートナー,必要,女性,枠,進出,利益,計算,地球,コンピュータ,元通り,公開,html,リクルート,index,Facebook,Twitter,　⇒　,arkray,一般,高度,76,有,com,0,本社,達成,参加,あなた,電子,多彩,機能,期,制,京都,増収,多く,さまざま,発明,エンド,一体,感,いつ,投資,光学,暮らし,進化,キーワード,HP,最高,日程,コア,臨床,信条,画期的,チャンス,対象,Our,歴史,テルモ,ワイド,現場,ワールド,今後,満足,プリンター,開設,100,インフラ,食,数々,風土,発言,自由,失敗,流通,両方,80,近年,遺伝子,型,Credo,電気,一つ,文化,島津製作所,渦,投与,量,推定,テーラー,メイド,薬剤,注力,*,解析,体質,理由,病状,個人,ソフト,判定,系,エンジニア,薬学,生物,化学,医学,測定,職,自己,理系,出身,血糖,学び,特長,多様,バックグラウンド,利用,所属,部署,役職,勤続,年数,関係,自宅,さま,患者,意見,メンバー,協力,POC,わけ,2013,シンガポール,施設,ロシア,中小,クリニック,2014,中国,アークレイグループ,8,稼動,11,尿,19,所,迅速,正確,病,糖尿,40,ミッション,組織,フィールド,やりがい,手,体外,分析,うえ,驚き,感動,雰囲気,原動力,ゼロ,絆,同士,精神,盛ん,意志,あく,情熱,耐,衝撃,腕時計,横断,部門,皆様,コンパクトデジタルカメラ,EXILIM,気軽,学習,台,_,辞書,EX,word,代表,twitter,絶対,https,⇒,recruitment,先端,さ,ARKRAY,facebook,制度,基本,姿勢,撮影,液晶,モニター,ja,/●,1957,式,初め,デジタルウォッチ,バリュー,シリーズ,いくつ,うち,形,従来,四角,フォーカス,軸,ハート,ピント,ブレイクハート,遊び心,簡単,知識,入社,提唱,OA,オートメーション,考え,土壌,提案,ワーク,効果,かかわり,常識,チャレンジスピリット,尊重,手段,認知,マネジメント,変化,別,便利,セールス,メディア,感熱,何,通り,最高峰,サーマルメディア,総合,アパレル,保守,お伝え,品,ツール,消耗,Recruiting,Magazine,定期,発刊,ソフトウエア,秘話,紹介,ほか,等々,内定,生,声,アップ,ここ,満載,その後,申し込み,MFP,友香,複合,闊達,職場,戦力,はじめ,牽引,予定,革新,告知,詳細,スケジュール,Accelerator,更,躍進,Change,支援,目標,人びと,センター,昨日,terumo,下記,改善,余地,始まり,スタートライン,限り,頃,開始,第一線,なか,成功,経験,こだわり,日々,経済,省,グローバルニッチトップ,個性,選,選出,日経,ビジネス,オンライン,キーパーソン,business,nikkeibp,article,interview,20141126,274316,チャレンジ,果敢,歩み,ライフスタイル,特徴,点,支持,比率,シーン,プラネタリウム,照明,設立,赤字,決算,武器,売り上げ,安定,自慢,加工,みたい,BtoB,微細,東京,滋賀,材料,開催,ビル,発行,丸の内,ishida,試験,安全,安心,工程,省力,追求,工業,強み,発揮,定量,組合せ,大変,103,獲得,寄せ,スーパーマーケット,多数,1893,民間,ハカリメーカー,スタート,パイオニア,1969,ハカリ,1972,1980,年代,他社,関心,表示,扉,123,周年,連結,",",000,億,円,探求,宇宙,核,先進,新た,マーケット,拡大,国内外,メカニズム,BRICs,VISTA,アジア,諸国,ナンバーワン,年々,元気,素直,視野,選択,周囲,ベクトル,リーダシップ,営業,推進,パワー,期待,総務,課,西村,西岡,生命,集積,IC,専用,年度,早め,アクセス,いただき,上,/）、,限定,プレ,応募,60,250,消費,数,万,アイテム,シート,イベント,バンドエイド,ベビー,オイル,身近,イメージ,手術,登録,為,方々,ドクター,看護,師,多岐,願い,ヘル,ケア,概念,浸透,取り組み,問題,解決,病気,怪我,日,社是,ビジョン,思い,付加,ソリューション・,1875,1932,証,額,12,劇的,インパクト,全体,分社,分権,アドバンテージ,言語,国籍,重要,要素,島津,140,1943,起草,70,ファミリー,行動,基準,顧客,地域,株主,ステーク,ホルダー,遂行,優先,共感,富士フイルム,設計
精密・医療機器,41,30,26,20,19,18,18,17,17,17,15,14,14,14,14,14,14,12,12,12,12,11,11,10,10,10,10,10,9,9,9,9,9,8,8,8,8,8,8,8,8,8,8,8,8,8,7,7,7,7,7,7,7,7,7,7,7,7,7,6,6,6,6,6,6,6,6,6,6,6,6,6,6,6,5,5,5,5,5,5,5,5,5,5,5,5,5,5,5,5,5,5,5,5,5,5,5,5,5,5,5,5,5,5,4,4,4,4,4,4,4,4,4,4,4,4,4,4,4,4,4,4,4,4,4,4,4,4,4,4,4,4,4,4,4,4,4,4,4,4,4,4,4,3,3,3,3,3,3,3,3,3,3,3,3,3,3,3,3,3,3,3,3,3,3,3,3,3,3,3,3,3,3,3,3,3,3,3,3,3,3,3,3,3,3,3,3,3,3,3,3,3,3,3,2,2,2,2,2,2,2,2,2,2,2,2,2,2,2,2,2,2,2,2,2,2,2,2,2,2,2,2,2,2,2,2,2,2,2,2,2,2,2,2,2,2,2,2,2,2,2,2,2,2,2,2,2,2,2,2,2,2,2,2,2,2,2,2,2,2,2,2,2,2,2,2,2,2,2,2,2,2,2,2,2,2,2,2,2,2,2,2,2,2,2,2,2,2,2,2,2,2,2,2,2,2,2,2,2,2,2,2,2,2,2,2,2,2,2,2,2,2,2,2,2,2,2,2,2,2,2,2,2,2,2,2,2,2,2,2,2,1,1,1,1,1,1,1,1,1,1,1,1,1,1,1,1,1,1,1,1,1,1,1,1,1,1,1,1,1,1,1,1,1,1,1,1,1,1,1,1,1,1,1,1,1,1,1,1,1,1,1,1,1,1,1,1,1,1,1,1,1,1,1,1,1,1,1,1,1,1,1,1,1,1,1,1,1,1,1,1,1,1,1,1,1,1,1,1,1,1,1,1,1,1,1,1,1,1,1,1,1,1,1,1,1,1,1,1,1,1,1,1,1,1,1,1,1,1,1,1,1,1,1,1,1,1,1,1,1,1,1,1,1,1,1,1,1,1,1,1,1,1,1,1,1,1,1,1,1,1,1,1,1,1,1,1,1,1,1,1,1,1,1,1,1,1,1,1,1,1,1,1,1,1,1,1,1,1,1,1,1,1,1,1,1,1,1,1,1,1,1,1,1,1,1,1,1,1,1,1,1,1,1,1,1,1,1,1,1,1,1,1,1,1,1,1,1,1,1,1,1,1,1,1,1,1,1,1,1,1,1,1,1,1,1,1,1,1,1,1,1,1,1,1,1,1,1,1,1,1,1,1,1,1,1,1,1,1,1,1,1,1,1,1,1,1,1,1,1,1,1,1,1,1,1,1,1,1,1,1,1,1,1,1,1,1,1,1,1,1,1,1,1,1,1,1,1,1,1,1,1,1,1,1,1,1,1,1,1,1,1,1,1,1,1,1,1,1,1,1,1,1,1,1,1,1,1,1,1,1,1,1,1,1,1,1,1,1,1,1,1,1,1,1,1,1,1,1,1,1,1,1,1,1,1,1,1,1,1,1,1,1,1,1,1,1,1,1,1,1,1,1,1,1,1,1,1,1,1,1,1,1,1,1,1,1,1,1,1,1,1,1,1,1,1,1,1,1,1,1,1,1,1,1,1,1,1,1,1,1,1,1,1,1,1,1,1,1,1,1,1,1,1
 
gyoukai,*,保険,生命,共済,日本,JA,会社,こと,人,:,事業,年,的,.,中,経営,/,挑戦,当社,お客様,日,損害,契約,保障,化,お客,成長,",",グループ,社会,企業,さま,総合,業界,地域,コース,1,戦略,サービス,環境,海上,社員,月,10,ため,円,5,販売,発展,兆,財,受付,セミナー,全国,採用,東京,資産,運用,力,商品,新た,時代,提供,エントリー,職員,仕事,方,たち,よう,世界,展開,高,使命,市場,損保,万,一,人々,個性,私,億,業務,変化,00,経済,カンパニー,リーディング,自分,リスク,3,シート,部門,リード,実現,あんしん,単願,人事,保有,20,三井,営業,感動,拡大,住友,共済連,対応,豊か,ページ,詳細,１,皆さま,窓口,中心,マイナビ,人生,国内,今後,開発,最大,活動,マイ,規模,品質,企画,セクション,不動産,長期,影響,以来,多様,ニーズ,想い,現在,://,14,安全,競争,実施,積極,等,スケジュール,大切,全体,者,12,海外,掛金,被災,2,予約,社,３月,３,領域,各地,２,チーム,金融,自由,部,感,お待ち,精神,年間,40,の,社風,ＭＳＩ,17,本位,加入,額,件,貢献,制度,全域,相当,一人ひとり,勤務,地,伝統,それ,チャレンジ,-,www,スペシャリスト,経理,http,外国,締切り,ご覧,15,熊本,火,ならでは,編,４月,13,興亜,ジャパン,是非,合計,立場,評価,生活,9,ネットワーク,案内,たくさん,応募,発揮,存在,可能,グローバル,水,一番,魅力,会場,就活,イベント,リーダー,!!,さまざま,なか,本部,木,アジア,明治,買収,安田,限定,強化,米国,暮らし,設立,共同,メッセージ,地震,ビジネス,基盤,心,風土,ライフ,創造,下記,通り,2015,*************************,学生,出資,現地,選考,資源,もと,価値,それぞれ,フィールド,万が一,スタート,飛躍,際,組織,株式会社,4,金,像,同社,信頼,開始,以上,誕生,安心,7,=,カ所,index,期待,a,jp,キャラクター,意欲,先,世界中,業,ところ,コンセプト,多種,第一生命,証券,株式,思い,多岐,執事,分野,加速,発生,重要,性,やりがい,実感,全般,開業,高度,人材,みなさん,行動,名,(,銀行,ＪＡ,びと,)」,視野,身近,チャネル,特徴,取引,日動,投資,料,財務,融資,提案,団体,180,年金,カスタマイズ,大手,要望,セール,ホール,声,マネジメント,コンサルティング,ニッセイライフプラザ,店舗,型,来店,62,ほか,個人,確実,還元,リーテイル,立案,上記,債券,頂点,JAPAN,LEAD,こちら,確認,ホント,日本生命,6,https,地位,job,mynavi,本,131,pc,corpmypage,displayIntroduceCorp,苗木,?,corpId,187,森,&,optCmIntroPosn,ニッセイ,本社,ビル,DN,タワー,21,初,相互,目,110,22,主義,理念,少子,高齢,植樹,見直し,構造,垣根,CSR,約束,安定,地球,2010,手,柔軟,紙,復興,変更,所,一部,上場,Page,歩み,My,2013,ミッション,生涯,パートナー,By,your,side,ホームページ,for,life,制定,各社,考慮,取り組み,状況,人口,増加,期限,法人,新設,対象,2006,タイ,オーシャン,今回,協定,締結,2007,ベトナム,同年,見舞い,インド,国有,地方,スター,ユニオン,九州,2008,オーストラリア,度,手法,水準,プロテクティブ,完全,子会社,進出,ニューヨーク,シンガポール,統括,極,体制,管理,支援,態勢,トップ,職,アクチュアリー,志望,!!★　,カ国,次,締切,42,南米,欧州,SUMISEI,EXPO,直面,昨年,700,来場,現代,激動,番人,先着,順,早め,中核,屈指,一同,４,お知らせ,ID,後日,55,Ｓｅｓｓｉｏｎ,25,大阪,Ｔａｌｋ,女性,その他,各種,情報,URL,留学生,併願,エリア,sumisei,中部,saiyou,com,seminar,html,アドバイス,変遷,機敏,反応,課題,関西,困難,真正面,圏,住友生命,首都,進取,不屈,未来,歴史,胸,希望,視点,取得,国内外,マーケット,2014,プログラム,計,他社,違い,激化,認可,ミャンマー,キャノピアス,勝ち,残り,達成,ブランド,推進,それら,収益,果敢,後押し,時点,月末,役職,員,参画,プロジェクト,人的,進化,認識,産業,真,向上,観点,最高,呼称,リンク,重視,一つ,政策,健康,プロフェッショナル,定義,限り,核,活力,づくり,目標,No,就職,日本一,収入,横並び,人任せ,自ら,切り,ダイナミック,増大,明日,別,担当,内容,他,点,とき,参加,運営,名称,甲斐,働き,チャンス,ひと,両方,人物,件数,124,非常,建物,更生,052,自動車,835,農家,一般,54,782,透明,責任,国家,予算,半分,意見,うち,50,金額,国債,有数,機関,家,関係,年次,281,919,入社,発言,指折り,71,闊達,トップクラス,共通,官公庁,全て,お金,いつ,History,New,架け橋,Create,支払,750,再建,どれ,奉仕,目的,すべて,数,8,300,方々,どこ,相談,構築,これら,数字,Company,Good,境界,線,ワーク,興味,公式,HP,登録,tmn,anshin,co,recruit,2016,Make,ヒツジ,瞬間,今,セエメエ,コンシェルジュ,先進,テーマ,ビジョン,人間,1996,複雑,徹底的,革新,これ,常識,代表,生損保,一体,届け,巨大,考,動,姿勢,19,個々,直結,近代,様々,活躍,機会,原動力,活性,上司,部下,働きかけ,共感,上,仕組み,強み,何,お守り,職業,意識,国,創業,1879,相手,文化,もの,お互い,家族,誠実,一緒
生保・損保,72,38,22,18,16,16,16,15,15,14,14,14,13,12,12,11,11,11,10,10,10,10,10,10,9,9,9,9,9,9,9,9,9,9,9,9,8,8,8,8,8,8,8,7,7,7,7,7,7,7,7,7,7,7,6,6,6,6,6,6,6,6,6,6,6,6,6,6,6,6,6,6,5,5,5,5,5,5,5,5,5,5,5,5,5,5,5,5,5,5,4,4,4,4,4,4,4,4,4,4,4,4,4,4,4,4,4,4,4,4,4,4,4,4,4,4,4,4,4,4,4,3,3,3,3,3,3,3,3,3,3,3,3,3,3,3,3,3,3,3,3,3,3,3,3,3,3,3,3,3,3,3,3,3,3,3,3,3,3,3,3,3,3,3,3,3,3,3,3,3,3,3,3,2,2,2,2,2,2,2,2,2,2,2,2,2,2,2,2,2,2,2,2,2,2,2,2,2,2,2,2,2,2,2,2,2,2,2,2,2,2,2,2,2,2,2,2,2,2,2,2,2,2,2,2,2,2,2,2,2,2,2,2,2,2,2,2,2,2,2,2,2,2,2,2,2,2,2,2,2,2,2,2,2,2,2,2,2,2,2,2,2,2,2,2,2,2,2,2,2,2,2,2,2,2,2,2,2,2,2,2,2,2,2,2,2,2,2,2,2,2,2,2,2,2,2,2,2,2,2,2,2,2,2,2,2,2,2,2,2,2,2,2,2,2,2,2,2,2,2,2,2,2,2,1,1,1,1,1,1,1,1,1,1,1,1,1,1,1,1,1,1,1,1,1,1,1,1,1,1,1,1,1,1,1,1,1,1,1,1,1,1,1,1,1,1,1,1,1,1,1,1,1,1,1,1,1,1,1,1,1,1,1,1,1,1,1,1,1,1,1,1,1,1,1,1,1,1,1,1,1,1,1,1,1,1,1,1,1,1,1,1,1,1,1,1,1,1,1,1,1,1,1,1,1,1,1,1,1,1,1,1,1,1,1,1,1,1,1,1,1,1,1,1,1,1,1,1,1,1,1,1,1,1,1,1,1,1,1,1,1,1,1,1,1,1,1,1,1,1,1,1,1,1,1,1,1,1,1,1,1,1,1,1,1,1,1,1,1,1,1,1,1,1,1,1,1,1,1,1,1,1,1,1,1,1,1,1,1,1,1,1,1,1,1,1,1,1,1,1,1,1,1,1,1,1,1,1,1,1,1,1,1,1,1,1,1,1,1,1,1,1,1,1,1,1,1,1,1,1,1,1,1,1,1,1,1,1,1,1,1,1,1,1,1,1,1,1,1,1,1,1,1,1,1,1,1,1,1,1,1,1,1,1,1,1,1,1,1,1,1,1,1,1,1,1,1,1,1,1,1,1,1,1,1,1,1,1,1,1,1,1,1,1,1,1,1,1,1,1,1,1,1,1,1,1,1,1,1,1,1,1,1,1,1,1,1,1,1,1,1,1,1,1,1,1,1,1,1,1,1,1,1,1,1,1,1,1,1,1,1,1,1,1,1,1,1,1,1,1,1,1,1,1,1,1,1,1,1,1,1,1,1,1,1,1,1,1,1,1,1,1,1,1,1,1,1,1,1,1,1,1,1,1,1,1,1,1,1,1,1,1,1,1,1,1,1,1,1,1,1,1,1,1,1,1,1,1,1
 
gyoukai,-,年,の,月,文具,技術,.,力,当社,ため,採用,日,こと,製品,エントリー,商品,3,開発,的,事業,私,説明,会社,会,ぺんてる,筆記具,仕事,/,もの,担当,社員,デザイン,世界,店,デジタル,消しゴム,達,たち,海外,文化,企業,00,皆さま,今,1,(,方,分野,株式会社,歴史,キング,画材,メーカー,お客様,2016,日本,お待ち,4,発売,ブランド,選考,開催,中,トンボ鉛筆,創業,日時,創造,キャンパス,製造,販売,づくり,人,教育,30,者,研究,印刷,現在,多く,今後,みなさん,プラスチック,拡大,応募,市場,ステーショナリー,業界,人材,案内,2,変化,等,育成,水,書類,チャレンジ,これ,発展,支援,新卒,17,連絡,職場,目標,責任,営業,化,ビジネス,和,フィールド,制度,co,先,時代,性,jp,間,一,火,挑戦,さ,心,代理,10,それ,提供,姿,モノ,活躍,消費,よう,価値,ファイル,キングジム,創立,ジム,鉛筆,後,場所,フィル,電子,成長,自分,普及,社会,字,貢献,内,ボールペン,柔軟,工場,ノウハウ,ページ,以上,知識,人々,情報,新た,必要,生産,マーケット,生活,可能,ご覧,予定,オフィス,www,観,://,号,多様,http,アクセス,ホームページ,領域,面,総合,締切,企画,5,2017,専門,理系,サービス,箱,返事,カード,20,70,年度,登録,対応,用品,IC,マイページ,締め切り,配信,IT,会場,楽しみ,印刷物,強み,119,TOUCH,&,FLOW,タッチアンドフロー,長年,関,場合,6,お越し,大切,展開,回,26,産業,身近,品,蓄積,被災,融合,部門,青山,ゼブラ,みなさま,弊社,40,油性,マーカー,理念,ロングセラー,研修,道具,マッキー,軸,足,以来,水性,式,期,発揮,品質,業務,高度,取引,業,金,関係,受講,目,仲間,位置,立ち,特色,感性,周年,ここ,充実,奨励,社長,和田,新入,自社,通信,他社,先輩,職,精神,別,職種,個,自立,ポイント,相談,部,今年,室,人事,進出,総務,さまざま,22,応用,),木,)、,対話,)　,系,店舗,文系,学内,姿勢,入社,拠点,下記,DNP,社内,構築,あなた,率,12,14,16,1969,世の中,活用,彼ら,トップクラス,"""",歩み,発想,原点,未来,ヒット,新規,最近,学習,手,タイプ,以外,我が国,環境,フォン,表示,スマート,ラベル,多彩,テプラ,経済,パッケージ,年代,マーキングペン,定着,度,消し,実績,本,試験,調べ,2015,皆さん,マイ,％,シェア,全て,つめ,存在,評価,経営,もと,知的,recruit,活動,会員,マイナビ,OEM,スタイル,数々,席巻,圧倒的,常識,柱,絶対,独創,モノマネ,DNA,特徴,60,ユニーク,形,FBA,協会,注目,近年,卒,延べ,億,冊,画面,日常,習慣,坂巻,50,矢野,子,研究所,香菜,期待,出会い,バリエーション,持ち物,名前,意欲,駅,メッセージ,好奇,心配,コミュニケーション,未開,開拓,素直,個人,向け,メモ,ポメラ,筆頭,名刺,ホルダー,ピット,レック,連携,ショット,ノート,意見,概念,立場,当事者,原動力,移転,思い,組織,代,担い手,ファイリング,注力,稼働,変革,アップ,利益,向上,ところ,アプローチ,加速,進行,国,考え,斬新,機会,事,切り口,雑貨,Toffy,トフィー,積極,未着,お手数,問合せ,プロダクト,魅力,製,外国,24,国内,オープン,銀座,-------------------------,プラザ,東急,月末,一昨年,関心,皆様,体験,店員,背景,ストーリー,同店,カテゴリー,様々,統一,ステーショナリーショップ,節目,大人,世紀,うち,役割,コンセプト,例,体制,刷新,再考,試み,自ら,答え,具体,戦後,物資,不足,転換,最初,そのもの,子ども,主眼,カンパニー,ノック,型,シャープペンシル,提案,ライフスタイル,ペン,修正,液,サインペン,後発,パソコン,家庭,ミドリ,少子化,風景,いくつ,タッチパネル,前,端末,化粧,人気,屋,何,Store,考え方,表現,前向き,General,7,21,販社,グローバル,数,群,ラインナップ,興奮,感動,殻,代表,取締役,優,Cultural,SITE,T,紙,インキ,出版,湘南,商業,交通,最終,本日,各種,書籍,制作,提出,マーケティング,シート,WEB,アイディア,現状,満足,課題,追加,主体,行動,お祈り,健康,一体,復旧,共同印刷,伝統,工業,美術,暮らし,豊か,地,進化,g,saiyou,@,経験,多種,designphil,一報,駆使,マルチメディア,通り,RFID,ソリューション,見舞い,資材,利用,機能,材料,合理,推進,FA,システム,シームレス,家族,豊富,アイデア,地震,ゼロ,ら,熊本,チャンス,たび,誰,一緒,夢,具現,デザインフィル,方針,各地,お送り,満席,キャンセル,待ち,zebra,index,html,導入,プログラム,とき,経過,都合,その間,期間,イントラネット,継続,鮮度,認知,ネットワークラーニング,110,専業,独自,グループ,愛用,はじめ,身,スキル,援助,半額,信頼,料,店頭,時,修了,やりがい,取得,一致,団結,基本,バリュー,結び,つき,資格,ケ月,配属,単位,ＯＪＴ,過程,上司,啓発,人間,サポート,自己,それぞれ,職務,早期,自律,階層,若者,新鮮,額,ケース,ぐるみ,源泉,ユーザー,目線,相手,視点,設置,能力,迅速,開設,声,毎日,メール,全社,ほか,毎月,１,幹部,会議,場,カスタマーボイス,公開,共有,将来,一方,戦略,北米,中米,アジア,ヨーロッパ,国々,地域,同様,現地,ネットワーク,共感,メンバー,協調,上,若手,成果,31,大日本印刷,)】,合格,名古屋,活発,saiyo,ウィンク,いち,東京,25,dnp,本社,・・・・・・・・・・・・・・・・・・・・・・・・・,開始,こちら,出展,学生,限定,東京農工大学,小金井,最新,カタチ,13,トッパン,18,明治大学,生田,技,45,東邦大学,習志野,知,彩り,愛知工業大学,八草,9,立教大学,池袋,15,ニーズ,限界,青,白黒,ストライプ,そこ,MONO,ロゴ,スタンダード,史,1913,部材,2013,100,前史,131,年間,高級,電池,旺盛,需要,明治,大正,英語,理数,欧米,太陽,基礎,機械,建設,設計,施工,部品,1950,飲料,お菓子,インク,テクノロジー,法人,設立,ケミカル,クラウン,トンボ,1958,ドライ,W,1961,1960,高分子,化合,物,合成,樹脂,カタログ,使用,軟質,状態,ゴム,主成分,ポスター,雑誌,格段,賞賛,一般,事務,用字,マークシート,方式,!!,詳細,こん,光学,マーク,装置,OMR,前提,テスト,HB,指定,/）,toppan,中心,分析,スペシャル,ティー,≪,！≫●,103,イン,思想,お客,さま,発見,喜び,プライド,信条
印刷・事務機器関連,59,24,18,17,17,16,16,16,15,15,15,15,15,14,13,13,13,13,12,12,10,10,10,9,9,9,8,8,8,8,8,8,8,8,8,7,7,7,7,7,7,7,7,7,7,7,7,7,6,6,6,6,6,6,6,6,6,6,6,6,6,6,6,5,5,5,5,5,5,5,5,5,5,5,5,5,5,5,5,5,5,5,5,5,5,5,5,5,5,5,5,5,4,4,4,4,4,4,4,4,4,4,4,4,4,4,4,4,4,4,4,4,4,4,4,4,4,4,4,4,4,4,4,4,4,4,4,4,4,4,4,4,4,4,4,4,4,3,3,3,3,3,3,3,3,3,3,3,3,3,3,3,3,3,3,3,3,3,3,3,3,3,3,3,3,3,3,3,3,3,3,3,3,3,3,3,3,3,3,3,3,3,3,3,3,3,3,3,3,3,3,3,3,2,2,2,2,2,2,2,2,2,2,2,2,2,2,2,2,2,2,2,2,2,2,2,2,2,2,2,2,2,2,2,2,2,2,2,2,2,2,2,2,2,2,2,2,2,2,2,2,2,2,2,2,2,2,2,2,2,2,2,2,2,2,2,2,2,2,2,2,2,2,2,2,2,2,2,2,2,2,2,2,2,2,2,2,2,2,2,2,2,2,2,2,2,2,2,2,2,2,2,2,2,2,2,2,2,2,2,2,2,2,2,2,2,2,2,2,2,2,2,2,2,2,2,2,2,2,2,2,2,2,2,2,2,2,2,2,2,2,2,2,2,2,2,2,2,2,2,2,2,2,2,2,2,2,2,2,2,2,2,2,2,2,2,2,1,1,1,1,1,1,1,1,1,1,1,1,1,1,1,1,1,1,1,1,1,1,1,1,1,1,1,1,1,1,1,1,1,1,1,1,1,1,1,1,1,1,1,1,1,1,1,1,1,1,1,1,1,1,1,1,1,1,1,1,1,1,1,1,1,1,1,1,1,1,1,1,1,1,1,1,1,1,1,1,1,1,1,1,1,1,1,1,1,1,1,1,1,1,1,1,1,1,1,1,1,1,1,1,1,1,1,1,1,1,1,1,1,1,1,1,1,1,1,1,1,1,1,1,1,1,1,1,1,1,1,1,1,1,1,1,1,1,1,1,1,1,1,1,1,1,1,1,1,1,1,1,1,1,1,1,1,1,1,1,1,1,1,1,1,1,1,1,1,1,1,1,1,1,1,1,1,1,1,1,1,1,1,1,1,1,1,1,1,1,1,1,1,1,1,1,1,1,1,1,1,1,1,1,1,1,1,1,1,1,1,1,1,1,1,1,1,1,1,1,1,1,1,1,1,1,1,1,1,1,1,1,1,1,1,1,1,1,1,1,1,1,1,1,1,1,1,1,1,1,1,1,1,1,1,1,1,1,1,1,1,1,1,1,1,1,1,1,1,1,1,1,1,1,1,1,1,1,1,1,1,1,1,1,1,1,1,1,1,1,1,1,1,1,1,1,1,1,1,1,1,1,1,1,1,1,1,1,1,1,1,1,1,1,1,1,1,1,1,1,1,1,1,1,1,1,1,1,1,1,1,1,1,1,1,1,1,1,1,1,1,1,1,1,1,1,1,1,1,1,1,1,1,1,1,1,1,1,1,1,1,1,1,1,1,1,1,1,1,1,1,1,1,1,1,1,1,1,1,1,1,1,1,1,1,1,1,1,1,1,1,1,1,1,1,1,1,1,1,1,1,1,1,1,1,1,1,1,1,1,1,1,1,1,1,1,1,1,1,1,1,1,1,1,1,1,1,1,1,1,1,1,1,1,1,1,1,1,1,1,1,1,1,1,1,1,1,1,1,1,1,1,1,1,1,1,1,1,1,1,1,1,1,1,1,1,1,1,1,1,1,1,1,1,1,1,1,1,1,1,1,1,1,1,1,1,1,1,1,1,1,1,1,1
 
gyoukai,-,こと,採用,世界,たち,事業,私,.,ビジネス,人,日,/,よう,エントリー,日本,必要,力,子ども,━,機能,年度,総合,情報,ミキハウス,商社,ホームページ,双,成長,当社,様,０,サービス,商品,全国,社会,グループ,３,経営,ため,皆さん,志,の,ブランド,新卒,チーム,帯,年,),株,(,自ら,://,計画,http,的,流通,想い,アクセス,2017,1,三菱商事,3,ロジスティクス,方,クオリティ,食品,食,温度,卸,自分,形,調達,開発,三井物産,さ,お知らせ,皆様,職,インフラ,資源,軸,店舗,分野,com,会社,展開,セミナー,新た,物流,実現,メーカー,価値,楽しみ,人事,仕事,社員,開始,豊田通商,生活,部,生産,みなさん,企業,www,豊か,上,業務,ハロッズ,取引,出店,投資,これ,選考,共鳴,丸紅,サイト,もの,MY,情熱,強み,推進,拡大,中,一人ひとり,家族,提供,強化,現場,活動,2014,次,基本,マーケティング,産業,Deal,new,Brand,中期,業,グローバル,ネットワーク,スーパー,興味,被災,最大,品,人材,PAGE,多様,金属,領域,チャレンジ,提案,下,センター,お客様,現在,精神,リスク,世界中,重要,役割,以上,カ国,国内,本社,東京,追求,サポート,ページ,管理,能力,マイ,詳細,国分,行動,火,今後,登録,jp,販売,地震,卸売,場合,気持ち,最適,地,プレ,ニーズ,健康,体感,一同,心,recruit,月,貿易,受付,参加,積み重ね,等,困難,安心,対応,イギリス,老舗,問い合わせ,先,saiyo,百貨店,個人,アパレル,最高,それ,文化,点,一,フロア,創造,存在,財務,発揮,変化,そこ,手,バランス,何,チェーン,バリュー,服,品質,それぞれ,場,ファッション,FA,すべて,お子様,徹底,ガス,己,ドライ,構築,原料,鉄鋼,者,身,方針,チルド,フィールド,フローズン,次世代,武器,カ年,2,2012,コンビニ,エネルギー,是非,小売,特長,化学,得意,機械,説明,会,挑戦,知恵,環境,様々,外食,生鮮,総務,配送,拠点,伊藤忠商事,素材,企画,主催,自社,多数,公開,担当,対象,入社,失敗,6,チャンス,約束,実感,努力,真摯,非鉄,製品,視点,スピリット,電力,個,水,鉄道,船舶,海洋,材料,凌ぎ,石油,天然,プロフェッショナル,医療,幾多,製紙,不動産,消費,身近,通用,未知,果敢,切り,未来,横,国,あなた,縦,活躍,広範囲,モノ,誕生,人々,タフ,後,シーン,日々,ファイナンス,なか,マネジメント,IT,プロセス,5,トレンド,これら,有機,経済,メッセージ,marubeni,@,個別,sumitomocorp,recruiting,不明,学生,影響,今般,ご覧,⇒　,toyota,tsusho,お祈り,復旧,ボタン,≪,一刻,≫,お願い,HP,内,見舞い,度,自動,貢献,工夫,創意,━━━━━━━━━━　☆★☆　,　☆★☆　━━━━━━━━━━,性,先見,資産,健全,確認,最先端,━━━━━━━━━━━━━━━━━━━━━━━━━,変革,活発,主体,トヨタ,唯一,動き,海外,60,将来,市場,900,社,コーディネート,つき,自動車,さまざま,創出,ウェイ,原則,現地,現物,現実,結び,基,真,同士,商魂,胸,不屈,パワー,実行,卒,マイナビ,就職,EXPO,出展,策,８,解決,ベルサール,渋谷,ガーデン,１,５,福岡,ヤフオク,ドーム,２,最善,ビッグ,　⇒,job,mynavi,全般,conts,event,expo,index,html,向上,組織,生業,６,万,余,取り扱い,品数,オリジナル,付加,融合,金融,それら,特徴,ひとつ,豊富,最前線,地域,密着,安定,構想,時,仕組み,カンパニー,時代,都度,着目,進化,食生活,側,シーズ,顧客,本質,中旬,各地,開催,違い,なに,パーソン,多岐,雰囲気,質問,答え,つぎ,予約,輪,業界,同志,sojitz,/※,その他,概要,経験,掲載,課,仲間,Challenge,Seminar,案内,集い,研究,お待ち,------------------------　,mikihouse,co,-----------------------△▲,事,王室,御用達,問題,世代,思い,日系,ところ,初,空間,時間,ここ,ベビー,姿,共通,45,前,大阪,130,今,ほか,11,48,2015,10,重心,歩,遵守,ラグジュアリーブランド,軒,面積,売上,共,No,他,追随,規律,毎日,元気,思い出,枚,収益,健やか,づくり,創業,当時,こだわり,デザイン,敏感,肌,厳選,室,カッティング,縫製,細部,発展,たくさん,ショップ,アドバイザー,継承,知識,お話,規模,愛情,その後,一つひとつ,二つ,土台,実施,４月,多彩,乾物,乾麺,ルーム,攻め,策定,2013,更,2011,忠,スローガン,伊藤,話,社風,気概,供給,絶対,対,常温,冷蔵,冷凍,誰,届け,裁量,架け橋,ロー,コスト,ハイレベル,合併,各自,水産,農産,畜産,取扱い,可能,売場,惣菜,メニュー,二,基幹,位置付け,先様,共同,風土,闊達,運営,PL,自由,営業,両方,店頭,全体,化,アイデア,センス,財,原動力,食卓,意欲,熱意,一緒
総合商社・専門商社,25,21,20,18,18,17,14,14,13,10,10,9,9,9,9,9,9,9,8,8,8,8,8,8,7,7,7,7,7,7,7,7,7,6,6,6,6,6,6,6,6,6,6,6,6,5,5,5,5,5,5,5,5,5,5,5,5,5,5,5,5,5,5,5,5,5,5,5,4,4,4,4,4,4,4,4,4,4,4,4,4,4,4,4,4,4,4,4,4,4,4,4,4,4,4,4,4,4,4,4,4,3,3,3,3,3,3,3,3,3,3,3,3,3,3,3,3,3,3,3,3,3,3,3,3,3,3,3,3,3,3,3,3,3,3,3,3,3,3,3,3,3,3,3,3,3,3,3,3,3,3,3,3,3,3,3,3,3,3,2,2,2,2,2,2,2,2,2,2,2,2,2,2,2,2,2,2,2,2,2,2,2,2,2,2,2,2,2,2,2,2,2,2,2,2,2,2,2,2,2,2,2,2,2,2,2,2,2,2,2,2,2,2,2,2,2,2,2,2,2,2,2,2,2,2,2,2,2,2,2,2,2,2,2,2,2,2,2,2,2,2,2,2,2,2,2,2,2,2,2,2,2,2,2,2,2,2,2,2,2,2,2,2,2,2,2,2,2,2,2,2,2,2,2,1,1,1,1,1,1,1,1,1,1,1,1,1,1,1,1,1,1,1,1,1,1,1,1,1,1,1,1,1,1,1,1,1,1,1,1,1,1,1,1,1,1,1,1,1,1,1,1,1,1,1,1,1,1,1,1,1,1,1,1,1,1,1,1,1,1,1,1,1,1,1,1,1,1,1,1,1,1,1,1,1,1,1,1,1,1,1,1,1,1,1,1,1,1,1,1,1,1,1,1,1,1,1,1,1,1,1,1,1,1,1,1,1,1,1,1,1,1,1,1,1,1,1,1,1,1,1,1,1,1,1,1,1,1,1,1,1,1,1,1,1,1,1,1,1,1,1,1,1,1,1,1,1,1,1,1,1,1,1,1,1,1,1,1,1,1,1,1,1,1,1,1,1,1,1,1,1,1,1,1,1,1,1,1,1,1,1,1,1,1,1,1,1,1,1,1,1,1,1,1,1,1,1,1,1,1,1,1,1,1,1,1,1,1,1,1,1,1,1,1,1,1,1,1,1,1,1,1,1,1,1,1,1,1,1,1,1,1,1,1,1,1,1,1,1,1,1,1,1,1,1,1,1,1,1,1,1,1,1,1,1,1,1,1,1,1,1,1,1,1,1,1,1,1,1,1,1,1,1,1,1,1,1,1,1,1,1,1,1,1,1,1,1,1,1,1,1,1,1,1,1,1,1,1,1,1,1,1,1,1,1,1,1,1,1,1,1,1,1,1,1,1,1,1,1,1,1,1,1,1,1,1,1,1,1,1,1,1,1,1,1,1,1,1,1,1,1,1,1,1,1,1,1,1,1,1,1,1,1
 
gyoukai,技術,世界,ベアリング,機械,こと,製品,エントリー,の,開発,人,採用,力,自動車,的,方,貢献,環境,よう,プロジェクト,コマツ,会社,年,私,機,NTN,成長,グローバル,分野,仕事,可能,グループ,企業,化学,解決,夢,IHI,4,入社,化,実現,提供,もの,メーカー,日,試験,商品,自分,(,これ,),日本精工,回転,発展,説明,あなた,多様,部,人事,評価,会,シェア,興味,システム,フッ素,展開,新卒,事業,たち,宇宙,関連,機器,2,ため,生活,お願い,空調,性,以上,サービス,リーディング,一人ひとり,カンパニー,電気,用,社員,拡大,等,以来,エアコン,日本,みなさん,就職,一,上,株,是非,人材,投資,一つ,アクセス,担当,水,課題,月,案内,軸,現場,様々,開始,EV,マイナビ,5,新た,今後,インホイールモータ,1,売上,3,者,そこ,魅力,No,策,結果,業界,.,年度,特別,仲間,これら,"""",One,建,精機,自動,ダントツ,エンジニアリング,高度,お待ち,遂行,EXPO,ガス,LNG,石油,会場,進化,お客様,トップクラス,日揮,供給,生産,スマート,2017,食料,出展,度,日程,セミナー,当社,活動,ページ,働き,存在,クボタ,先輩,必要,たくさん,結集,安心,若手,推進,強み,職場,省エネ,摩擦,サポート,基盤,総和,役割,フィールド,注目,制度,飛躍,充実,多く,初,主力,40,群,現在,ビジネス,千代田化工建設,千代田,雰囲気,産業,％,チーム,エネルギー,販売,メンバー,総合,最先端,エコ,活躍,ニーズ,経営,動き,唯一,弊社,プレ,社会,我々,構成,人類,部品,地球,ひとつ,ホームページ,価値,ネットワーク,豊か,未来,快適,ホイール,達成,づくり,試作,人々,暮らし,やりがい,三菱重工,工業,通過,点,グローバルカンパニーダイキン,目標,8,極,体制,カバー,独自,構築,更,先進,連絡,達,マイページ,誰,マネ,世の中,受付,先,ダイキン工業,選定,銘柄,冷媒,トータル,なでしこ,インバータ,駆使,業務,パッケージ,国内,2015,台数,外部,願い,維持,両立,マーケット,ダイキン,プライベート,すべて,中,パイオニア,年間,定年,電池,性能,容量,耐久,選択肢,休業,樹脂,太陽光,発電,半導体,フォン,タッチパネル,コーティング,材,勤務,化合,物,",",800,種類,在宅,多種,対応,確立,イベント,ライフ,介護,躍進,背景,2010,最大限,発揮,育児,文化,根底,作り,基軸,無限,大,はじめ,競争,源泉,考え,思い,ワークライフバランス,立場,リーダー,上司,考え方,観,優先,事,パートナー,次第,更新,予定,熟知,生存,ただ,コンストラクション,安定,提案,工程,再生,創造,関わり,直接,エンジニアリングコントラクター,建設,精製,不足,人手,ハイドロ,カーボン,医薬,ケミカル,非鉄,金属,施工,80,ヵ国,万,件,精度,近年,熟練,初心者,卓越,マネジメント,ベース,電力,資源,積極,知識,プロフェッショナル,それら,チャレンジ,制御,出会い,ICT,代表,時間,成功,失敗,とき,感,何,ダンプトラック,走行,無人,Team,Spirit,お伝え,DMG,森,ハイブリッド,株式会社,スタート,皆様,特徴,数,他社,場合,希望,応募,名古屋,対象,!!　,金,土,ポートメッセ,なごや,開催,お越し,楽しみ,話,皆さん,来場,選考,大崎,本社,最後,困難,NSK,主,軸受,製造,ところ,なん,身の回り,頼り,世界中,100,150,個,使用,車,鉄道,飛行機,洗濯,冷蔵庫,掃除,コピー,パソコン,人工,衛星,機能,dreams,基本,your,効率,寿命,故障,未然,Realize,一切,車輪,ガタ,ギア,スムーズ,メッセージ,コーポレート,1916,空,誕生,数々,画期的,今日,海,ボールベアリング,実績,電動,パワー,ステアリング,裏打ち,陸,領域,メカトロニクス,多彩,研究,進出,アメリカ,ヨーロッパ,アジア,中国,機軸,30,カ国,214,拠点,航空,リード,エンジン,セクション,情報,プロセス,設計,ユニット,玉川,航空機,陸上,当時,印象,股,非常,時,プラント,一丸,意識,後,10,今,感覚,確信,成果,毎,顧客,社内,橋梁,創業,所,造船,省エネルギー,1853,精密,社名,連結,海外,60,程,ん,どこ,文理,とも,多岐,職種,アンテナ,理念,ボタン,財産,インホイールモータシステム,搭載,コンセプトカー,Q,',mo,場,最大,真横,方向,移動,ラクラク,操縦,身近,家電,医療,ロケット,機構,MRJ,視野,転,動体,それ,保持,器,追求,融合,材料,工学,専門,結晶,ゼロ,滑らか,最近,発想,たしか,モータ,内蔵,情熱,トランス,ミッション,駆動,デザイン,自由,向上,別々,従来,その他,向け,複合,国内外,公道,実証,実験,インタビュー,女性,工学科,卒,2008,実用,感動,幸福,いくつ,世代,想定,次,予測,複雑,データ,一連,作業,目的,把握,考察,自身
機械・プラント,25,22,16,15,15,14,12,11,10,10,10,9,9,9,9,9,8,8,7,7,7,7,7,7,7,7,7,6,6,6,6,6,6,5,5,5,5,5,5,5,5,5,5,5,5,5,5,5,5,4,4,4,4,4,4,4,4,4,4,4,4,4,4,4,4,4,4,4,4,4,4,4,4,4,4,4,4,4,4,3,3,3,3,3,3,3,3,3,3,3,3,3,3,3,3,3,3,3,3,3,3,3,3,3,3,3,3,3,3,3,3,3,3,3,3,3,3,3,3,3,3,3,3,3,3,3,3,2,2,2,2,2,2,2,2,2,2,2,2,2,2,2,2,2,2,2,2,2,2,2,2,2,2,2,2,2,2,2,2,2,2,2,2,2,2,2,2,2,2,2,2,2,2,2,2,2,2,2,2,2,2,2,2,2,2,2,2,2,2,2,2,2,2,2,2,2,2,2,2,2,2,2,2,2,2,2,2,2,2,2,2,2,2,2,2,2,2,2,2,2,2,2,2,2,2,2,2,2,2,2,1,1,1,1,1,1,1,1,1,1,1,1,1,1,1,1,1,1,1,1,1,1,1,1,1,1,1,1,1,1,1,1,1,1,1,1,1,1,1,1,1,1,1,1,1,1,1,1,1,1,1,1,1,1,1,1,1,1,1,1,1,1,1,1,1,1,1,1,1,1,1,1,1,1,1,1,1,1,1,1,1,1,1,1,1,1,1,1,1,1,1,1,1,1,1,1,1,1,1,1,1,1,1,1,1,1,1,1,1,1,1,1,1,1,1,1,1,1,1,1,1,1,1,1,1,1,1,1,1,1,1,1,1,1,1,1,1,1,1,1,1,1,1,1,1,1,1,1,1,1,1,1,1,1,1,1,1,1,1,1,1,1,1,1,1,1,1,1,1,1,1,1,1,1,1,1,1,1,1,1,1,1,1,1,1,1,1,1,1,1,1,1,1,1,1,1,1,1,1,1,1,1,1,1,1,1,1,1,1,1,1,1,1,1,1,1,1,1,1,1,1,1,1,1,1,1,1,1,1,1,1,1,1,1,1,1,1,1,1,1,1,1,1,1,1,1,1,1,1,1,1,1,1,1,1,1,1,1,1,1,1,1,1,1,1,1,1,1,1,1,1,1,1,1,1,1,1,1,1,1,1,1,1,1,1,1,1,1,1,1,1,1,1,1,1,1,1,1,1,1,1,1,1,1,1,1,1,1,1,1,1,1,1,1,1,1,1,1,1,1,1,1,1,1,1,1,1,1,1,1,1,1,1,1,1,1,1,1,1,1,1,1,1,1,1,1,1,1,1,1,1,1,1,1,1,1,1,1,1,1,1,1,1,1,1,1,1,1,1,1,1,1,1,1,1,1,1,1,1,1,1,1
 
gyoukai,.,こと,∴,スポーツ,ミズノ,開発,採用,エントリー,グループ,年,たち,グローバル,世界,成長,月,ゲーム,担当,私,日,創業,商品,提供,ため,企業,サービス,バンダイ,世界中,シート,会社,受付,海外,是非,会,世の中,お客様,1,事業,ページ,の,3,新卒,チャレンジ,4,者,一,エンタテインメント,変化,売上,仕事,環境,今後,感動,アシックス,夢,創造,締切,2015,欧米,NO,アジア,用品,化,人々,づくり,以来,/,度,市場,ご覧,中,予約,社員,説明,強み,WEB,展開,比率,精神,ビジネス,拡大,現在,進化,更,製品,時代,技術,もの,株式会社,弊社,仕組み,存在,育成,領域,拠点,ノウハウ,トップアスリート,一般,ユーザー,信頼,80,地域,心,発展,日本,理念,進出,機能,向け,貢献,社会,スタート,％,競技,力,品質,愛用,期待,モノ,製造,こだわり,追求,体験,それ,以上,歴史,使命,17,上,セミナー,タカラトミーグループ,真,年度,日程,たくさん,応募,2017,楽しみ,連絡,部,総務,人事,青少年,co,jp,皆さま,参加,選考,開始,皆様,セガ,おもちゃ,業界,（株）,少数,精鋭,新生,開催,",",000,セガグループ,価値,新た,ヒット,何,対応,０,よう,ネットワーク,１,認識,活躍,火,ソフト,９,分社,マイ,任天堂,必要,責任,分,３月,お願い,方,木,多岐,プレ,卒,アクセス,フィールド,実現,エニックス,真剣,自分,2016,31,苦労,興味,壁,早,目,体感,根性,HP,方法,詳細,懇談,ヒント,適宜,案内,次,社,ハード,前,失敗,エンジニア,プライド,ソフトウェア,本体,メニュー,アプリケーション,OS,SDK,ドライバ,機,土台,部分,グラフィックス,オーディオ,文字,能力,音声,要素,全知,打率,快適,ツール,ミドル,ウェア,ニンテンドー,e,ショップ,Miiverse,サーバー,システム,プラットフォーム,わたし,業務,高度,複雑,好奇,誰,旺盛,発信,挑戦,チャレンジング,やりがい,毎年,ベンチャー,熊本,大分,地方,発生,地震,被災,それぞれ,関係,家族,見舞い,.∴..∴..∴..∴..∴..∴..∴..∴.☆,20,締め切り,震災,影響,提出,面接,recruit,company,場合,takaratomy,www,://,http,サイト,スケジュール,変更,終了,調整,先,宛,saiyo,@,mizuno,1906,お越し,∴..∴..∴..∴..∴..∴..∴..∴.☆【,エンターテインメント,もん,作り,これ,水野,利八,言葉,原点,浸透,100,一緒,昔,出口,熱意,販売,コンテンツ,連動,ホビー,映像,安心,安全,肉体,極限,枠,アスリート,最大限,最新,テクノロジー,駆使,品,振興,バンダイナムコエンターテインメント,届け,経営,本物,シーン,注力,近年,発揮,視点,性,スタイル,日常,的,ファッション,融合,推進,ライフスタイル,国内,人びと,スピード,界,舞台,世,いつの,意味,現時点,数値,永遠,不易,ポイント,萬代,15,国,由来,これら,中心,社名,感,一貫,想い,未来,ステージ,変革,歩,パワー,圧倒的,ユニーク,類,思い,60,独自,さ,モデル,キャラクターマーチャンダイジング,CMD,目標,成果,計画,中期,あなた,カ年,各国,メンバー,1949,鬼塚,喜八郎,健全,スポーツシューズ,神戸,主軸,健康,幸せ,生活,スクウェア,徹底,長年,ビジョン,姿勢,当社,DNA,ブランド,安定,アメリカ,売り上げ,直営店,拡充,コナミ,再開,5,9,(,),とき,時,28,00,クリエイション,Live,スローガン,きり,配信,公開,次第,更新,予定,驚き,５,春,絶賛,TV,様々,マイナビ,２,最適,決断,再編,誕生,スマート,デバイス,コンシューマ,アーケード,ほか,ドメイン,大幅,権限,委譲,スピーディー,ミッション,仲間,募集
スポーツ・ゲーム製品・その他メーカー,39,18,16,12,12,11,10,10,9,8,8,8,8,7,7,7,7,7,7,7,7,6,6,6,6,6,5,5,5,5,5,5,5,5,5,5,5,5,4,4,4,4,4,4,4,4,4,4,4,4,4,4,4,3,3,3,3,3,3,3,3,3,3,3,3,3,3,3,3,3,3,3,3,3,3,3,3,3,3,3,3,3,3,3,3,3,3,3,2,2,2,2,2,2,2,2,2,2,2,2,2,2,2,2,2,2,2,2,2,2,2,2,2,2,2,2,2,2,2,2,2,2,2,2,2,2,2,2,2,2,2,2,2,2,2,2,2,2,2,2,2,2,2,2,2,2,2,2,2,2,2,2,2,2,2,2,2,2,2,2,2,2,2,2,2,2,2,2,2,2,2,2,2,2,2,2,2,2,2,2,2,2,2,2,2,2,2,2,2,1,1,1,1,1,1,1,1,1,1,1,1,1,1,1,1,1,1,1,1,1,1,1,1,1,1,1,1,1,1,1,1,1,1,1,1,1,1,1,1,1,1,1,1,1,1,1,1,1,1,1,1,1,1,1,1,1,1,1,1,1,1,1,1,1,1,1,1,1,1,1,1,1,1,1,1,1,1,1,1,1,1,1,1,1,1,1,1,1,1,1,1,1,1,1,1,1,1,1,1,1,1,1,1,1,1,1,1,1,1,1,1,1,1,1,1,1,1,1,1,1,1,1,1,1,1,1,1,1,1,1,1,1,1,1,1,1,1,1,1,1,1,1,1,1,1,1,1,1,1,1,1,1,1,1,1,1,1,1,1,1,1,1,1,1,1,1,1,1,1,1,1,1,1,1,1,1,1,1,1,1,1,1,1,1,1,1,1,1,1,1,1,1,1,1,1,1,1,1,1,1,1,1,1,1,1,1,1,1,1,1,1,1,1,1,1,1,1,1,1,1,1,1,1,1,1,1,1,1,1,1,1,1,1,1,1,1,1,1,1,1,1,1,1,1,1,1,1,1,1,1,1,1,1,1,1,1,1,1,1,1,1,1,1,1,1,1
 
gyoukai,モール,エントリー,高島屋,年,海外,こと,採用,当社,開発,展開,人,ショッピング,イオン,の,.,/,商業,地域,グループ,(,出店,場所,様々,企業,ページ,サービス,今後,店,多く,事業,お客様,小売,人事,),2,さま,お客,中国,アジア,戦略,情報,案内,ディベロッパー,チャレンジ,届け,マイナビ,ホームページ,等,創業,中,ため,担当,受付,プレ,2017,ご覧,それ,予約,土居,もの,統括,部長,変化,現在,成長,街,店舗,づくり,商品,価値,付加,中心,オムニチャネル,伊勢丹,三越,生活,百貨店,仕事,魅力,度,文化,的,一人ひとり,チャンス,方々,Design,計画,Life,未来,モノ,販売,体験,暮らし,まち,ベトナム,積極,1,推進,北京,領域,すべて,さまざま,目標,フィールド,開業,国際,商,城,皮切り,12,サイクリングロード,劇場,夢中,アセアン,2014,感動,カンボジア,インドネシア,若手,社員,活躍,コト,全体,体感,ところ,笑顔,豊か,Developer,わたし,たち,施設,枠組み,テナント,ライフ,ステージ,機能,拡充,建物,育成,デザイン,年間,50,億,影響,今,ショッピングモール,我々,何,どこ,ハード,連続,果敢,気概,秀次,人々,流れ,皆さま,お待ち,マーケット,拡大,世界,随一,業,級,最大,日本,提供,近年,駅,ビル,空港,小型,162,新規,接点,強化,マレーシア,国内外,中核,柱,一つ,使命,アクション,化,年度,新卒,具現,アイデア,ステップ,)【,HP,どちら,楽しみ,みなさま,マイ,お送り,そちら,添付,シート,質問,お答え,うえ,送信,本,完了,マイページ,上,URLhttp,://,www,専用,takashimaya,co,jp,詳細,corp,Saiyou,freshman,index,html,部,2011,方法,180,周年,以来,おもてなし,心,発信,会,時代,説明,会社,ニーズ,対応,明確,200,従業,員,着実,実践,パス,キャリア,色々,これ,2008,密着,テーマ,新た,スタイル,提案,日本橋,東京,横浜,社,改装,管理,運営,既存,シンガポール,大葉,台北,上海,3,2016,タイ,投資,ASEAN,軸,グローバル,アクセス,株,基盤,顧客,ICT,整備,品,集客,売場,トキ,よう
百貨店・スーパー・コンビニ,11,10,7,7,7,7,7,6,5,5,5,5,5,4,4,4,4,4,4,4,4,4,4,3,3,3,3,3,3,3,3,3,3,3,3,3,3,3,3,3,3,3,3,2,2,2,2,2,2,2,2,2,2,2,2,2,2,2,2,2,2,2,2,2,2,2,2,2,2,2,2,2,2,2,2,2,2,2,2,2,2,2,2,2,2,2,2,2,2,2,2,2,2,2,2,2,2,2,2,2,2,2,1,1,1,1,1,1,1,1,1,1,1,1,1,1,1,1,1,1,1,1,1,1,1,1,1,1,1,1,1,1,1,1,1,1,1,1,1,1,1,1,1,1,1,1,1,1,1,1,1,1,1,1,1,1,1,1,1,1,1,1,1,1,1,1,1,1,1,1,1,1,1,1,1,1,1,1,1,1,1,1,1,1,1,1,1,1,1,1,1,1,1,1,1,1,1,1,1,1,1,1,1,1,1,1,1,1,1,1,1,1,1,1,1,1,1,1,1,1,1,1,1,1,1,1,1,1,1,1,1,1,1,1,1,1,1,1,1,1,1,1,1,1,1,1,1,1,1,1,1,1,1,1,1,1,1,1,1,1,1,1,1,1,1,1,1,1,1,1,1,1,1,1,1,1,1,1,1,1,1
 
